0,0,0,-59,-15,-103,-54,-132,-89,-162,-112,-82,-134,-104,-178,-126,-194,-146,-203,-52,-149,-63,-213,-79,-252,-95,-285,-22,-149,-25,-210,-35,-247,-47,-280,9,-137,19,-183,21,-216,18,-249
0,0,0,-57,-19,-97,-60,-121,-97,-146,-123,-74,-139,-90,-185,-108,-201,-127,-209,-42,-152,-46,-215,-57,-253,-71,-285,-11,-147,-6,-204,-12,-238,-23,-268,21,-130,36,-171,39,-201,35,-231
0,0,0,-58,-20,-100,-61,-124,-98,-151,-124,-75,-140,-92,-185,-111,-201,-130,-209,-43,-152,-48,-215,-60,-253,-73,-285,-12,-147,-7,-205,-14,-239,-26,-269,19,-130,34,-172,37,-201,32,-230
0,0,0,-54,-9,-106,-41,-144,-67,-179,-78,-92,-125,-123,-173,-147,-198,-167,-219,-60,-142,-74,-212,-85,-256,-94,-294,-28,-143,-33,-208,-40,-248,-48,-282,6,-130,15,-180,19,-214,19,-247
0,0,0,-58,4,-120,-17,-166,-38,-201,-45,-123,-107,-164,-150,-192,-171,-216,-183,-96,-130,-130,-196,-155,-239,-177,-274,-65,-137,-87,-203,-106,-245,-124,-279,-28,-131,-35,-182,-43,-218,-53,-250
0,0,0,-58,25,-120,28,-167,33,-207,48,-163,-48,-220,-65,-259,-71,-293,-74,-152,-71,-210,-116,-252,-141,-288,-160,-129,-84,-174,-136,-211,-164,-242,-185,-97,-87,-120,-137,-142,-166,-163,-190
0,0,0,-55,23,-118,23,-165,26,-207,37,-156,-53,-215,-71,-253,-78,-285,-82,-141,-78,-195,-126,-233,-154,-266,-177,-115,-92,-149,-149,-181,-180,-211,-205,-80,-96,-97,-145,-116,-173,-137,-199
0,0,0,-55,5,-112,-11,-153,-27,-190,-29,-123,-95,-169,-127,-199,-143,-223,-156,-101,-117,-137,-174,-162,-209,-183,-238,-72,-126,-96,-184,-115,-219,-133,-248,-37,-123,-42,-169,-49,-198,-60,-225
0,0,0,-39,-12,-66,-43,-79,-73,-95,-92,-61,-96,-77,-132,-85,-155,-91,-176,-37,-108,-46,-157,-49,-189,-53,-216,-14,-109,-19,-154,-21,-182,-25,-206,10,-101,13,-135,13,-157,11,-177
0,0,0,-49,-6,-89,-35,-113,-66,-140,-81,-95,-99,-130,-133,-152,-156,-169,-176,-70,-119,-93,-172,-104,-208,-115,-239,-40,-126,-54,-177,-62,-209,-71,-235,-7,-121,-7,-161,-10,-188,-15,-213
0,0,0,-54,20,-114,17,-156,11,-192,18,-143,-56,-200,-78,-235,-90,-267,-101,-125,-86,-174,-136,-206,-167,-232,-190,-98,-103,-136,-155,-163,-187,-187,-211,-65,-108,-82,-151,-97,-178,-112,-201
0,0,0,-48,35,-112,45,-161,53,-199,67,-158,-22,-216,-28,-253,-30,-284,-30,-153,-47,-215,-75,-257,-93,-291,-108,-135,-65,-188,-103,-225,-125,-254,-142,-107,-77,-140,-114,-166,-137,-192,-159
0,0,0,-68,6,-142,-22,-196,-49,-245,-58,-158,-112,-217,-141,-255,-156,-290,-168,-132,-144,-173,-213,-204,-250,-232,-277,-97,-158,-126,-228,-154,-265,-180,-293,-56,-155,-63,-212,-74,-249,-89,-283
0,0,0,-68,-32,-113,-94,-133,-149,-165,-182,-89,-180,-123,-241,-142,-280,-161,-314,-46,-194,-53,-279,-57,-333,-62,-376,-4,-189,1,-268,-1,-317,-5,-356,36,-167,55,-221,63,-257,65,-291
0,0,0,-51,-49,-68,-116,-64,-170,-76,-216,-13,-185,-11,-255,-7,-296,-2,-331,32,-181,65,-259,91,-307,113,-348,66,-162,105,-227,128,-269,147,-306,91,-128,132,-169,160,-198,183,-228
0,0,0,-66,-19,-121,-59,-156,-92,-195,-117,-101,-138,-139,-185,-169,-210,-195,-232,-72,-149,-84,-214,-94,-256,-102,-293,-39,-143,-32,-204,-38,-244,-47,-279,-6,-123,11,-167,11,-195,6,-223
0,0,0,-60,-9,-110,-44,-148,-77,-183,-99,-108,-115,-157,-154,-188,-176,-214,-195,-81,-131,-108,-196,-125,-243,-139,-284,-52,-127,-63,-194,-71,-237,-80,-274,-22,-110,-16,-156,-18,-186,-21,-214
0,0,0,51,-31,83,-85,102,-133,131,-163,35,-147,45,-208,49,-247,49,-282,-2,-152,-8,-225,-14,-272,-21,-314,-33,-141,-51,-205,-61,-249,-69,-287,-62,-118,-91,-163,-109,-193,-122,-223
0,0,0,49,-30,83,-83,102,-130,132,-160,32,-151,42,-214,45,-254,47,-289,-4,-156,-8,-232,-13,-280,-18,-323,-36,-146,-50,-212,-59,-256,-65,-295,-66,-122,-92,-170,-108,-203,-120,-234
0,0,0,50,-30,84,-83,103,-131,133,-161,40,-155,49,-217,52,-257,51,-293,5,-161,2,-235,-2,-282,-7,-324,-27,-151,-43,-216,-53,-258,-60,-296,-58,-128,-86,-174,-104,-203,-117,-232
0,0,0,60,-9,114,-46,150,-83,186,-102,105,-119,138,-167,157,-196,172,-224,76,-138,103,-198,120,-231,136,-260,44,-143,62,-199,75,-229,89,-254,9,-137,11,-183,15,-213,24,-241
0,0,0,57,19,127,13,181,1,224,7,149,-62,204,-86,238,-102,268,-118,133,-94,190,-136,227,-162,260,-186,105,-113,150,-160,181,-189,212,-214,69,-123,90,-169,107,-199,127,-227
0,0,0,51,26,116,32,170,30,212,41,148,-45,203,-61,237,-72,267,-84,137,-78,200,-111,240,-134,277,-154,114,-101,165,-142,201,-167,234,-188,80,-116,107,-159,128,-186,152,-210
0,0,0,51,-4,95,-33,126,-63,158,-79,74,-117,99,-163,116,-192,129,-219,46,-137,70,-201,87,-242,101,-281,16,-140,27,-205,36,-247,46,-284,-20,-129,-26,-182,-31,-218,-32,-250
0,0,0,38,-30,51,-83,57,-126,80,-156,-15,-146,-17,-205,-21,-245,-26,-280,-51,-142,-71,-211,-84,-254,-95,-294,-77,-122,-109,-180,-127,-220,-142,-256,-93,-88,-139,-108,-170,-118,-195,-132
0,0,0,35,-38,43,-93,45,-138,63,-173,-35,-146,-46,-205,-57,-244,-70,-278,-71,-136,-108,-199,-131,-238,-153,-273,-92,-111,-142,-161,-171,-193,-196,-225,-102,-74,-147,-82,-177,-82,-203,-87
0,0,0,57,-24,94,-75,107,-124,126,-160,65,-139,74,-185,75,-211,75,-234,33,-150,36,-206,37,-235,39,-260,3,-149,3,-203,6,-232,12,-256,-27,-138,-34,-181,-36,-209,-34,-237
0,0,0,56,-10,97,-49,117,-93,136,-123,81,-110,96,-145,102,-166,105,-184,56,-125,70,-165,77,-185,83,-202,30,-130,41,-172,49,-192,58,-207,1,-127,6,-164,12,-187,20,-207
0,0,0,47,-3,87,-34,109,-72,130,-95,87,-90,106,-127,112,-152,114,-172,65,-105,85,-146,90,-171,92,-194,42,-111,57,-150,61,-171,63,-189,15,-109,20,-142,22,-163,23,-182
0,0,0,45,-4,84,-32,107,-67,128,-89,84,-88,103,-124,110,-149,113,-170,64,-101,83,-142,88,-168,89,-191,42,-107,57,-145,61,-168,62,-187,18,-105,21,-138,22,-158,23,-177
0,0,0,44,-4,81,-33,100,-66,118,-89,75,-93,93,-133,101,-159,106,-182,52,-107,68,-155,73,-184,76,-211,29,-110,38,-154,41,-181,44,-204,2,-103,-6,-140,-11,-163,-14,-183
0,0,0,42,-14,73,-48,89,-83,109,-102,52,-115,69,-158,77,-187,84,-212,26,-125,36,-178,41,-210,46,-240,1,-122,2,-171,4,-202,6,-230,-26,-108,-43,-144,-55,-165,-63,-186
0,0,0,33,-38,45,-87,47,-128,62,-157,-20,-138,-28,-190,-35,-223,-41,-251,-50,-133,-72,-190,-86,-224,-98,-254,-72,-117,-100,-163,-117,-192,-130,-218,-87,-90,-122,-115,-143,-131,-160,-147
0,0,0,29,-39,37,-89,39,-130,55,-158,-34,-137,-48,-188,-57,-221,-66,-250,-63,-130,-90,-185,-105,-219,-117,-250,-83,-111,-114,-157,-130,-188,-143,-216,-97,-82,-133,-106,-155,-123,-173,-141
0,0,0,33,-38,45,-92,49,-135,68,-162,-25,-139,-38,-192,-47,-225,-55,-254,-56,-132,-82,-189,-97,-223,-109,-254,-79,-116,-107,-165,-123,-196,-134,-224,-95,-90,-128,-119,-148,-139,-164,-160
0,0,0,46,-33,72,-87,84,-131,105,-158,19,-140,16,-196,11,-232,6,-262,-14,-142,-28,-206,-38,-247,-45,-281,-42,-132,-63,-190,-75,-228,-82,-259,-67,-112,-93,-151,-106,-177,-116,-202
0,0,0,53,-4,107,-36,145,-69,179,-81,99,-108,135,-152,157,-180,175,-204,75,-128,108,-184,130,-217,150,-247,47,-136,70,-192,86,-226,102,-254,14,-135,19,-182,24,-212,32,-240
0,0,0,55,0,111,-27,150,-56,183,-66,107,-104,147,-147,172,-174,192,-198,84,-125,122,-181,146,-215,167,-245,56,-134,82,-189,100,-224,118,-253,23,-133,27,-180,31,-210,39,-239
0,0,0,56,0,114,-25,158,-46,196,-47,105,-111,137,-157,155,-186,168,-210,82,-132,118,-187,142,-223,162,-254,53,-139,75,-197,93,-233,109,-263,19,-135,21,-185,24,-217,29,-248
0,0,0,56,5,115,-17,159,-35,198,-35,120,-109,153,-153,172,-181,187,-205,99,-129,133,-180,154,-209,173,-234,72,-139,98,-193,119,-226,137,-252,38,-140,47,-188,53,-218,62,-246
0,0,0,52,13,111,-1,153,-15,187,-16,140,-73,186,-103,217,-123,242,-140,128,-94,179,-138,215,-167,247,-192,105,-105,144,-158,171,-188,198,-216,74,-108,94,-155,109,-184,128,-212
0,0,0,58,14,120,-5,164,-24,200,-32,152,-76,204,-109,236,-130,264,-148,138,-98,191,-150,227,-181,259,-207,114,-110,155,-167,184,-200,212,-229,82,-112,100,-162,115,-194,133,-221
0,0,0,63,6,123,-21,168,-47,208,-61,141,-101,194,-140,226,-165,254,-188,120,-124,168,-183,200,-220,227,-252,91,-131,123,-194,147,-233,171,-266,56,-125,63,-175,70,-207,81,-236
0,0,0,65,-8,118,-49,155,-85,189,-102,111,-138,148,-190,169,-223,187,-253,82,-156,113,-222,134,-265,151,-301,47,-158,61,-227,74,-269,87,-305,8,-147,1,-202,3,-237,9,-267
0,0,0,63,-19,115,-65,154,-105,190,-124,79,-152,106,-213,122,-252,136,-288,45,-166,60,-242,71,-290,81,-335,10,-162,8,-237,11,-284,15,-325,-26,-143,-48,-196,-61,-233,-70,-267
0,0,0,53,-24,98,-69,132,-106,166,-120,47,-163,66,-227,76,-267,83,-303,8,-173,12,-252,15,-299,17,-342,-26,-163,-38,-235,-45,-280,-48,-320,-59,-139,-89,-187,-109,-217,-123,-246
0,0,0,52,-30,89,-79,116,-122,146,-147,33,-166,47,-229,53,-269,58,-305,-5,-173,-8,-248,-10,-295,-12,-337,-38,-162,-55,-229,-63,-273,-69,-312,-70,-136,-101,-181,-120,-212,-133,-243
0,0,0,52,-22,94,-66,125,-107,160,-132,39,-156,57,-225,68,-266,77,-303,-1,-163,-1,-245,0,-295,1,-339,-35,-151,-49,-225,-57,-271,-61,-311,-65,-126,-92,-176,-110,-210,-122,-241
0,0,0,39,-20,69,-55,88,-84,112,-98,14,-144,23,-206,30,-246,35,-282,-23,-149,-27,-225,-27,-273,-26,-315,-53,-139,-69,-208,-77,-252,-81,-291,-80,-114,-109,-162,-126,-194,-137,-226
0,0,0,42,-22,71,-64,86,-101,107,-120,13,-151,14,-218,17,-261,19,-297,-25,-156,-32,-234,-33,-284,-34,-328,-56,-146,-72,-218,-79,-266,-84,-309,-85,-121,-113,-171,-132,-203,-146,-234
0,0,0,49,-24,85,-70,106,-112,133,-135,41,-169,56,-237,65,-279,72,-315,3,-178,11,-257,18,-308,26,-352,-32,-170,-34,-244,-31,-292,-24,-332,-67,-147,-86,-202,-97,-239,-102,-274
0,0,0,50,-26,84,-70,103,-111,127,-135,49,-145,63,-202,71,-237,77,-268,17,-154,25,-220,30,-260,37,-295,-13,-149,-13,-209,-13,-247,-8,-279,-43,-132,-57,-176,-63,-204,-64,-232
0,0,0,46,-21,79,-64,97,-103,120,-121,48,-128,60,-177,68,-208,73,-235,20,-136,27,-192,32,-226,36,-257,-6,-132,-5,-182,-4,-214,0,-240,-32,-119,-44,-155,-50,-179,-52,-202
0,0,0,46,-19,81,-60,103,-96,129,-113,48,-126,63,-176,70,-206,77,-233,20,-134,27,-192,31,-227,35,-258,-6,-129,-5,-180,-2,-213,2,-240,-32,-115,-46,-153,-52,-179,-55,-203
0,0,0,-60,-7,-108,-43,-136,-82,-169,-105,-102,-117,-128,-160,-148,-183,-167,-200,-75,-135,-99,-193,-119,-228,-139,-257,-46,-140,-61,-198,-78,-233,-95,-262,-11,-134,-12,-182,-16,-214,-24,-244
0,0,0,-62,-7,-107,-45,-136,-82,-168,-102,-100,-113,-125,-154,-144,-177,-161,-197,-73,-131,-95,-188,-113,-224,-130,-254,-45,-136,-57,-192,-71,-227,-85,-256,-13,-131,-10,-176,-12,-206,-19,-235
0,0,0,-56,-5,-103,-36,-131,-72,-161,-94,-98,-108,-126,-149,-144,-174,-160,-198,-70,-128,-92,-187,-107,-224,-120,-256,-39,-135,-53,-191,-64,-224,-75,-252,-4,-129,-2,-173,-1,-201,-5,-227
0,0,0,-50,-13,-87,-48,-110,-84,-136,-107,-75,-119,-99,-164,-111,-192,-121,-219,-47,-135,-61,-196,-68,-235,-74,-270,-17,-137,-28,-194,-34,-227,-41,-257,15,-128,18,-173,20,-200,18,-225
0,0,0,-43,-11,-77,-43,-96,-75,-122,-93,-71,-104,-95,-144,-107,-169,-117,-192,-47,-119,-63,-172,-70,-206,-75,-237,-22,-121,-32,-169,-38,-199,-44,-225,7,-113,8,-150,9,-173,7,-195
0,0,0,-39,-14,-64,-47,-80,-77,-101,-92,-62,-98,-80,-134,-90,-158,-99,-181,-40,-109,-53,-157,-59,-188,-64,-216,-17,-109,-26,-153,-32,-181,-38,-206,8,-102,7,-135,6,-157,2,-177
0,0,0,-38,-14,-62,-48,-77,-79,-97,-95,-58,-98,-73,-135,-82,-159,-88,-182,-35,-108,-45,-155,-50,-187,-53,-215,-13,-108,-21,-152,-26,-179,-31,-204,11,-100,11,-134,10,-154,8,-174
0,0,0,-59,2,-111,-30,-141,-68,-175,-85,-127,-106,-172,-145,-197,-172,-220,-195,-101,-131,-136,-191,-158,-228,-177,-260,-69,-141,-93,-201,-111,-236,-128,-265,-32,-141,-40,-190,-46,-221,-55,-248
0,0,0,-51,-8,-91,-38,-116,-71,-144,-91,-92,-106,-124,-144,-141,-169,-157,-193,-66,-124,-87,-180,-98,-217,-108,-247,-37,-128,-51,-181,-60,-212,-71,-240,-6,-122,-5,-163,-7,-191,-13,-217
0,0,0,-46,-9,-79,-40,-96,-73,-118,-93,-78,-102,-101,-139,-113,-165,-124,-189,-53,-117,-68,-171,-75,-206,-81,-236,-26,-120,-36,-170,-42,-198,-49,-224,2,-114,4,-152,4,-176,1,-200
1,0,0,-53,-12,-91,-52,-112,-93,-142,-116,-77,-115,-99,-168,-114,-200,-125,-229,-45,-123,-55,-157,-56,-114,-55,-82,-16,-124,-21,-164,-29,-130,-34,-100,16,-122,24,-167,26,-196,25,-225
1,0,0,-52,-12,-89,-50,-111,-90,-141,-112,-73,-115,-93,-166,-106,-199,-116,-228,-42,-121,-51,-153,-55,-109,-56,-79,-13,-120,-17,-155,-29,-115,-37,-85,18,-117,27,-160,30,-187,30,-217
1,0,0,-54,-9,-97,-50,-125,-87,-154,-109,-86,-120,-107,-174,-123,-208,-135,-236,-56,-127,-78,-163,-87,-120,-89,-86,-28,-127,-42,-169,-58,-132,-66,-101,1,-124,8,-170,11,-200,12,-231
1,0,0,-61,-18,-102,-64,-124,-105,-149,-129,-69,-124,-82,-184,-91,-218,-99,-246,-42,-130,-64,-157,-63,-112,-59,-80,-17,-134,-37,-163,-44,-120,-45,-88,11,-137,6,-187,-2,-218,-11,-250
1,0,0,-46,-10,-83,-46,-102,-78,-127,-95,-57,-97,-62,-144,-64,-172,-65,-195,-33,-101,-32,-119,-26,-82,-23,-57,-11,-102,-10,-120,-8,-86,-6,-62,12,-104,7,-142,2,-163,-5,-184
1,0,0,-42,-13,-73,-50,-89,-82,-110,-97,-45,-90,-41,-134,-37,-159,-32,-181,-21,-91,-12,-111,-12,-78,-13,-57,0,-90,9,-111,7,-81,4,-60,22,-89,26,-124,25,-143,23,-162
1,0,0,-41,-14,-73,-50,-91,-82,-113,-99,-48,-89,-50,-132,-51,-159,-51,-181,-26,-90,-18,-110,-14,-77,-13,-55,-6,-89,2,-109,3,-77,2,-55,15,-89,15,-124,13,-144,10,-163
1,0,0,-44,-13,-78,-53,-95,-91,-117,-109,-46,-99,-51,-147,-53,-176,-54,-202,-19,-103,-11,-127,-9,-91,-7,-67,7,-102,16,-128,15,-98,12,-74,33,-99,41,-135,45,-156,48,-178
1,0,0,-58,-3,-109,-40,-138,-82,-171,-98,-84,-107,-109,-161,-124,-194,-136,-223,-51,-121,-51,-158,-44,-116,-40,-86,-19,-128,-16,-168,-16,-132,-17,-101,14,-131,19,-179,17,-208,13,-235
1,0,0,-63,-6,-116,-47,-146,-93,-182,-108,-90,-119,-117,-172,-135,-206,-149,-236,-55,-133,-58,-173,-50,-128,-44,-96,-21,-140,-20,-185,-21,-147,-21,-113,15,-144,20,-195,17,-225,11,-251
1,0,0,-68,-7,-120,-48,-152,-95,-189,-113,-92,-121,-118,-176,-134,-210,-145,-241,-56,-135,-58,-180,-50,-134,-43,-104,-22,-142,-21,-189,-21,-147,-20,-112,13,-144,18,-194,19,-225,18,-255
1,0,0,-61,-14,-109,-56,-136,-101,-167,-121,-81,-125,-111,-183,-130,-219,-144,-251,-46,-139,-51,-177,-50,-136,-48,-106,-10,-144,-11,-187,-17,-149,-21,-116,27,-145,37,-195,40,-227,40,-258
1,0,0,-58,-18,-102,-64,-126,-108,-158,-127,-76,-137,-103,-197,-119,-236,-133,-269,-39,-144,-44,-178,-48,-130,-50,-96,-3,-143,-1,-179,-12,-135,-21,-100,34,-138,47,-188,53,-220,57,-255
1,0,0,-49,-21,-88,-69,-113,-112,-149,-127,-62,-139,-85,-201,-99,-240,-109,-274,-24,-143,-19,-176,-24,-123,-27,-92,12,-139,24,-177,11,-133,-1,-99,48,-130,69,-175,80,-203,86,-235
1,0,0,-49,-13,-86,-65,-110,-106,-146,-127,-49,-131,-65,-191,-73,-231,-80,-266,-9,-132,-8,-155,-20,-102,-30,-67,29,-121,38,-145,19,-102,2,-72,63,-107,89,-148,103,-174,113,-206
1,0,0,-54,-26,-94,-83,-119,-132,-155,-156,-59,-153,-80,-215,-91,-257,-101,-293,-20,-155,-23,-187,-34,-135,-40,-100,18,-147,22,-181,2,-137,-13,-104,55,-135,77,-183,88,-214,96,-249
1,0,0,-60,-25,-109,-82,-138,-132,-177,-150,-74,-151,-99,-213,-114,-253,-127,-289,-36,-156,-46,-196,-48,-145,-47,-113,2,-153,-1,-197,-11,-153,-18,-118,41,-148,54,-199,59,-233,63,-269
1,0,0,-68,5,-140,-29,-188,-60,-230,-69,-126,-104,-170,-151,-199,-181,-224,-204,-100,-122,-138,-140,-121,-91,-102,-56,-73,-139,-110,-159,-103,-113,-90,-80,-40,-156,-69,-208,-91,-239,-111,-269
1,0,0,-58,33,-137,30,-190,21,-232,29,-158,-51,-218,-77,-259,-94,-292,-107,-139,-78,-183,-81,-145,-41,-112,-17,-118,-103,-160,-104,-133,-61,-107,-33,-94,-130,-143,-167,-175,-186,-207,-206
1,0,0,-52,46,-124,62,-175,66,-212,82,-166,-4,-230,-16,-268,-25,-300,-32,-155,-36,-193,-34,-152,-5,-119,13,-141,-65,-180,-68,-147,-33,-118,-9,-124,-97,-178,-125,-213,-136,-246,-146
1,0,0,-75,-6,-136,-63,-169,-118,-210,-143,-114,-139,-143,-203,-162,-244,-176,-278,-76,-155,-91,-193,-80,-138,-70,-98,-37,-166,-51,-204,-48,-153,-42,-113,5,-177,-6,-244,-20,-282,-36,-317
1,0,0,-72,-15,-128,-73,-157,-133,-195,-162,-95,-146,-116,-218,-129,-260,-140,-298,-53,-158,-54,-201,-52,-142,-52,-103,-13,-163,-12,-216,-18,-168,-23,-129,28,-165,30,-226,27,-265,21,-304
1,0,0,-63,-20,-112,-81,-138,-133,-175,-162,-77,-152,-97,-221,-108,-263,-117,-299,-40,-159,-51,-184,-53,-123,-53,-79,0,-158,-6,-196,-17,-153,-25,-116,42,-156,57,-217,63,-255,66,-293
1,0,0,-63,-23,-111,-84,-136,-137,-171,-168,-73,-152,-89,-215,-96,-256,-102,-290,-32,-157,-37,-178,-41,-115,-43,-74,9,-154,10,-181,-1,-130,-10,-93,51,-150,65,-209,71,-244,74,-282
1,0,0,-62,-22,-110,-83,-135,-136,-169,-170,-69,-153,-81,-222,-88,-263,-95,-297,-29,-158,-41,-185,-46,-127,-45,-84,10,-157,4,-193,-7,-155,-14,-122,51,-154,63,-213,67,-251,70,-288
1,0,0,-65,-25,-119,-86,-153,-136,-191,-162,-83,-153,-103,-218,-116,-260,-128,-295,-50,-161,-70,-198,-70,-145,-67,-107,-17,-164,-29,-208,-40,-173,-44,-143,22,-164,26,-224,26,-263,25,-300
1,0,0,-67,-12,-125,-60,-161,-102,-196,-121,-98,-131,-120,-190,-137,-226,-152,-256,-69,-146,-95,-187,-101,-153,-101,-123,-40,-155,-59,-201,-74,-178,-82,-152,-5,-161,-5,-216,-12,-254,-19,-286
1,0,0,-65,-13,-123,-52,-163,-84,-186,-103,-99,-123,-120,-169,-137,-163,-143,-145,-76,-141,-106,-176,-117,-138,-119,-105,-49,-154,-74,-193,-100,-162,-115,-131,-19,-163,-25,-219,-33,-257,-42,-289
1,0,0,-65,0,-127,-36,-170,-70,-202,-90,-111,-118,-153,-172,-184,-202,-209,-226,-89,-136,-131,-176,-140,-134,-141,-100,-64,-149,-106,-195,-128,-155,-136,-118,-34,-158,-52,-217,-70,-257,-85,-293
1,0,0,-67,-31,-115,-93,-145,-139,-171,-173,-71,-169,-80,-248,-94,-295,-105,-329,-43,-173,-82,-222,-104,-171,-113,-126,-15,-176,-49,-228,-75,-187,-86,-148,18,-178,16,-249,11,-295,7,-337
1,0,0,94,-30,155,-95,176,-160,199,-203,105,-174,129,-249,143,-292,156,-326,66,-190,98,-242,84,-179,67,-126,23,-202,57,-251,51,-191,39,-140,-21,-208,-8,-276,14,-306,34,-331
1,0,0,55,-12,87,-54,89,-94,83,-118,62,-121,82,-172,95,-201,105,-221,38,-136,66,-165,54,-120,40,-78,11,-148,41,-173,35,-128,23,-88,-20,-159,-3,-206,22,-222,44,-232
1,0,0,58,-2,110,-42,141,-84,172,-105,105,-115,131,-177,142,-214,150,-242,75,-131,99,-168,88,-119,78,-83,43,-141,67,-184,63,-139,56,-103,9,-145,17,-198,26,-227,37,-258
1,0,0,52,-8,104,-52,140,-94,173,-116,84,-139,100,-203,108,-242,116,-278,46,-147,38,-179,33,-122,35,-87,8,-145,-4,-179,2,-134,10,-102,-29,-136,-44,-185,-53,-213,-58,-246
1,0,0,52,-11,95,-60,122,-110,153,-138,71,-152,82,-225,85,-269,87,-309,25,-156,8,-195,12,-132,25,-96,-17,-151,-36,-188,-22,-140,-5,-107,-55,-138,-79,-186,-96,-211,-108,-243
1,0,0,45,-14,82,-47,87,-85,75,-112,79,-136,102,-210,117,-254,128,-293,41,-145,46,-176,42,-116,39,-80,3,-147,1,-185,9,-141,13,-107,-36,-140,-50,-190,-57,-220,-60,-251
1,0,0,37,-16,68,-49,68,-90,49,-119,67,-140,89,-215,102,-260,112,-300,26,-148,30,-184,24,-120,26,-89,-12,-149,-13,-193,-9,-143,-3,-107,-49,-142,-66,-194,-73,-227,-75,-261
1,0,0,58,-2,112,-35,128,-82,124,-119,114,-100,153,-149,178,-179,199,-203,86,-121,114,-150,92,-105,73,-71,56,-135,83,-161,68,-116,53,-80,24,-145,44,-189,64,-204,84,-217
1,0,0,59,2,117,-39,146,-83,176,-106,110,-96,145,-147,165,-178,182,-202,82,-113,108,-132,81,-90,57,-57,51,-126,76,-139,53,-95,34,-61,17,-138,43,-175,64,-185,85,-193
1,0,0,56,3,117,-43,151,-90,186,-108,107,-95,145,-151,168,-186,189,-214,79,-114,101,-128,71,-82,46,-48,48,-128,74,-142,55,-97,37,-62,17,-139,42,-184,59,-203,77,-219
1,0,0,59,-3,120,-50,156,-93,192,-110,104,-118,124,-182,133,-223,144,-255,69,-127,71,-133,49,-81,35,-45,34,-131,38,-134,24,-86,17,-51,-2,-132,9,-173,19,-192,31,-210
1,0,0,57,2,121,-44,160,-87,201,-103,111,-108,124,-171,131,-210,141,-242,75,-121,59,-135,40,-82,33,-46,39,-127,26,-136,16,-86,15,-51,3,-130,3,-171,3,-188,8,-206
1,0,0,47,-16,90,-69,116,-114,149,-138,54,-125,43,-186,35,-223,29,-256,22,-127,-10,-132,-7,-76,1,-44,-9,-123,-39,-127,-30,-78,-17,-48,-40,-116,-60,-156,-72,-173,-82,-193
1,0,0,46,-14,85,-67,105,-112,136,-138,45,-120,30,-173,19,-205,10,-233,13,-122,-20,-117,-15,-66,-6,-33,-16,-116,-46,-110,-35,-67,-21,-38,-44,-109,-65,-139,-82,-152,-98,-166
1,0,0,39,-17,72,-64,91,-104,119,-128,35,-112,25,-159,17,-188,11,-214,6,-113,-26,-110,-20,-63,-8,-33,-20,-109,-50,-104,-41,-65,-28,-40,-46,-102,-66,-127,-86,-139,-102,-152
1,0,0,37,-16,70,-63,90,-100,119,-120,33,-108,33,-156,33,-185,34,-213,4,-109,-19,-110,-16,-66,-9,-38,-22,-104,-46,-106,-35,-68,-21,-41,-47,-98,-68,-130,-88,-145,-106,-162
1,0,0,41,-13,81,-58,106,-96,136,-114,50,-113,65,-165,76,-194,87,-224,21,-117,2,-134,-3,-85,0,-55,-7,-114,-28,-134,-27,-95,-19,-66,-34,-111,-47,-153,-63,-175,-76,-197
1,0,0,48,-8,99,-50,131,-91,166,-108,79,-107,104,-160,118,-191,133,-220,49,-118,34,-152,16,-104,15,-72,18,-123,2,-152,-7,-110,-3,-79,-11,-125,-18,-171,-27,-196,-28,-222
1,0,0,61,-4,121,-52,160,-99,197,-116,93,-117,123,-179,139,-214,153,-246,56,-131,51,-172,35,-118,32,-84,21,-140,14,-184,8,-140,10,-106,-12,-144,-15,-194,-17,-225,-15,-259
1,0,0,61,36,147,35,214,21,260,37,180,-34,242,-63,280,-76,312,-86,163,-70,211,-103,167,-71,132,-42,141,-101,190,-136,155,-103,123,-72,113,-127,156,-170,182,-192,208,-211
1,0,0,56,38,134,47,194,41,234,48,176,-26,239,-49,277,-58,306,-62,165,-58,223,-82,184,-56,150,-34,147,-89,202,-115,169,-86,136,-61,121,-116,170,-154,201,-174,232,-192
1,0,0,50,44,124,58,183,56,221,68,168,-8,230,-26,263,-33,286,-38,161,-43,219,-64,181,-44,147,-26,148,-75,206,-100,174,-78,141,-58,128,-105,175,-138,207,-154,236,-167
1,0,0,60,-3,120,-47,158,-94,192,-114,104,-114,140,-175,162,-210,180,-241,66,-132,63,-174,42,-120,35,-86,31,-144,28,-188,19,-142,18,-107,-4,-150,-2,-202,2,-232,12,-265
1,0,0,54,-2,109,-48,141,-95,177,-118,92,-112,123,-173,141,-208,157,-238,57,-125,50,-161,32,-108,28,-73,24,-133,18,-169,10,-124,12,-90,-8,-137,-7,-185,-6,-209,0,-238
1,0,0,47,-13,92,-65,117,-112,148,-138,65,-127,84,-187,96,-224,109,-258,30,-132,12,-157,2,-104,2,-69,-4,-131,-23,-157,-23,-113,-15,-82,-37,-127,-48,-172,-56,-195,-59,-221
1,0,0,42,-14,83,-62,103,-106,123,-129,52,-120,68,-181,79,-218,89,-251,17,-125,-5,-146,-10,-91,-3,-54,-15,-122,-39,-145,-35,-104,-24,-73,-44,-116,-58,-159,-71,-185,-80,-214
1,0,0,55,-17,100,-71,126,-121,156,-143,69,-136,91,-195,106,-232,118,-263,32,-141,18,-176,5,-127,2,-94,-3,-140,-19,-176,-20,-136,-13,-105,-36,-135,-51,-181,-63,-209,-70,-238
1,0,0,57,-14,103,-64,132,-111,163,-133,79,-129,105,-186,120,-219,132,-248,44,-138,37,-177,23,-125,18,-91,8,-141,1,-184,0,-145,5,-113,-27,-137,-41,-184,-50,-210,-55,-239
1,0,0,62,-3,119,-41,156,-81,189,-96,103,-113,130,-163,146,-193,159,-217,70,-129,85,-175,70,-131,58,-93,38,-140,49,-188,45,-154,40,-120,4,-143,5,-193,5,-223,9,-250
1,0,0,62,-3,117,-36,154,-66,187,-81,107,-117,134,-166,152,-196,166,-221,78,-132,101,-171,98,-133,90,-100,46,-140,66,-180,71,-143,67,-109,11,-143,17,-199,22,-232,25,-263
1,0,0,53,3,103,-30,137,-61,168,-75,105,-100,137,-154,156,-182,171,-205,83,-116,116,-151,106,-106,94,-71,61,-129,95,-171,94,-131,87,-98,36,-136,53,-188,69,-216,84,-242
1,0,0,55,-1,106,-37,139,-69,171,-81,103,-106,134,-158,154,-188,169,-213,78,-120,105,-159,100,-114,90,-77,51,-130,77,-180,81,-149,75,-117,24,-134,37,-187,49,-218,57,-247
1,0,0,66,-23,113,-79,139,-130,170,-156,70,-147,88,-210,101,-250,111,-286,26,-156,14,-210,19,-159,26,-120,-16,-157,-27,-211,-14,-172,0,-139,-54,-152,-73,-208,-80,-241,-85,-272
1,0,0,55,-12,102,-57,129,-97,152,-126,97,-123,123,-184,141,-219,154,-248,71,-130,96,-159,95,-106,89,-68,45,-132,73,-178,88,-147,91,-118,19,-127,29,-179,40,-209,49,-236
1,0,0,59,-3,102,-43,119,-83,113,-108,112,-110,143,-165,152,-185,151,-201,92,-125,124,-166,132,-131,134,-111,70,-131,104,-170,115,-130,115,-99,44,-131,59,-181,77,-211,92,-237
1,0,0,58,-7,102,-47,133,-82,148,-105,104,-110,145,-165,161,-192,169,-216,87,-119,129,-147,126,-105,121,-85,70,-120,120,-142,119,-89,109,-57,51,-114,78,-163,101,-189,122,-218
2,0,0,-57,-38,-86,-96,-82,-144,-47,-172,-69,-192,-99,-253,-114,-298,-123,-334,-23,-198,-15,-286,-16,-347,-13,-389,17,-178,33,-244,-2,-224,-25,-195,47,-142,40,-182,2,-169,-26,-146
2,0,0,-61,-29,-99,-79,-108,-124,-78,-151,-86,-182,-122,-240,-140,-283,-151,-318,-42,-193,-42,-281,-46,-342,-46,-384,-1,-179,8,-243,-23,-222,-45,-193,29,-146,17,-181,-21,-165,-48,-140
2,0,0,-57,-23,-96,-63,-121,-97,-145,-118,-108,-152,-142,-207,-163,-243,-179,-276,-69,-165,-78,-246,-92,-296,-102,-334,-28,-158,-30,-211,-56,-181,-72,-148,11,-132,-2,-156,-30,-133,-50,-107
2,0,0,-54,-21,-85,-62,-104,-99,-123,-122,-82,-144,-110,-195,-127,-228,-140,-258,-46,-153,-47,-225,-54,-269,-58,-303,-11,-142,-8,-196,-31,-161,-46,-128,19,-115,15,-146,-9,-123,-25,-99
2,0,0,-62,-19,-101,-68,-123,-112,-148,-140,-99,-149,-138,-199,-159,-236,-177,-266,-61,-162,-67,-241,-74,-298,-79,-333,-22,-158,-15,-226,-34,-218,-47,-195,14,-140,17,-189,-5,-188,-24,-172
2,0,0,-66,-13,-115,-62,-142,-103,-167,-130,-120,-161,-144,-232,-167,-278,-185,-315,-86,-170,-97,-253,-131,-252,-159,-238,-52,-168,-64,-243,-105,-228,-131,-199,-17,-154,-36,-206,-72,-203,-98,-187
2,0,0,-83,-9,-137,-64,-174,-112,-198,-154,-145,-156,-195,-212,-230,-243,-260,-265,-114,-177,-140,-268,-178,-325,-207,-363,-79,-180,-110,-258,-149,-235,-170,-202,-46,-172,-83,-228,-120,-220,-141,-200
2,0,0,-82,-10,-133,-70,-160,-126,-174,-173,-130,-188,-160,-276,-189,-327,-212,-364,-100,-200,-131,-307,-180,-360,-216,-393,-68,-196,-104,-286,-150,-259,-174,-221,-39,-181,-78,-243,-120,-234,-147,-213
2,0,0,-63,10,-116,-32,-136,-73,-140,-108,-135,-118,-186,-177,-226,-215,-256,-241,-107,-139,-138,-229,-177,-283,-202,-316,-73,-146,-110,-211,-148,-181,-163,-144,-38,-145,-70,-193,-104,-187,-124,-172
2,0,0,-91,1,-158,-44,-193,-95,-196,-146,-184,-143,-235,-203,-273,-238,-304,-263,-152,-170,-186,-273,-229,-329,-262,-365,-114,-178,-147,-267,-184,-234,-202,-193,-75,-174,-110,-233,-144,-214,-163,-185
2,0,0,-89,27,-167,-8,-214,-51,-231,-93,-215,-92,-293,-128,-339,-144,-372,-158,-200,-125,-276,-204,-337,-243,-383,-273,-171,-140,-240,-196,-253,-151,-250,-114,-137,-143,-192,-182,-220,-156,-231,-129
2,0,0,-48,-24,-73,-63,-37,-97,9,-103,-54,-144,-85,-194,-100,-229,-108,-261,-14,-155,-3,-230,9,-278,22,-317,25,-145,48,-203,39,-175,30,-144,59,-115,78,-154,62,-136,47,-110
2,0,0,-62,7,-119,-9,-141,-37,-137,-69,-158,-104,-217,-136,-255,-160,-287,-183,-124,-130,-158,-201,-188,-247,-211,-281,-81,-133,-99,-167,-119,-142,-130,-115,-38,-115,-67,-114,-93,-84,-109,-56
2,0,0,-42,19,-90,12,-108,-11,-105,-45,-127,-80,-180,-112,-221,-141,-252,-162,-95,-109,-123,-165,-156,-199,-180,-220,-57,-118,-73,-144,-98,-114,-111,-83,-21,-108,-49,-103,-71,-73,-84,-43
2,0,0,-67,9,-122,-6,-148,-30,-145,-69,-173,-103,-231,-137,-273,-162,-306,-183,-139,-132,-179,-207,-217,-252,-243,-283,-95,-136,-117,-185,-136,-157,-144,-127,-53,-118,-85,-129,-112,-95,-125,-62
2,0,0,-69,6,-125,-16,-152,-46,-144,-86,-173,-118,-236,-152,-278,-177,-310,-198,-140,-145,-181,-227,-217,-277,-238,-311,-99,-149,-122,-201,-142,-177,-147,-151,-58,-130,-91,-149,-122,-119,-138,-86
2,0,0,-80,10,-142,-33,-181,-73,-215,-101,-173,-126,-233,-173,-273,-203,-306,-225,-137,-150,-166,-251,-202,-302,-223,-331,-94,-151,-122,-225,-155,-194,-169,-158,-56,-131,-88,-165,-121,-137,-139,-104
2,0,0,103,-15,186,-62,201,-137,140,-179,175,-187,236,-254,266,-295,292,-335,129,-213,190,-303,231,-346,268,-392,71,-218,127,-285,113,-206,93,-153,11,-202,58,-242,60,-183,46,-135
2,0,0,97,-2,167,-32,185,-97,136,-130,154,-141,198,-199,220,-237,236,-272,118,-167,174,-236,212,-277,241,-315,68,-177,110,-221,90,-160,67,-117,13,-177,53,-208,49,-159,30,-119
2,0,0,90,-2,168,-33,212,-89,221,-135,154,-136,199,-198,221,-239,239,-279,121,-159,181,-224,223,-263,255,-292,73,-170,118,-201,94,-147,68,-109,20,-173,62,-195,54,-148,36,-111
2,0,0,76,-1,157,-45,205,-91,244,-111,156,-144,212,-204,248,-237,276,-270,117,-167,168,-251,202,-298,225,-339,68,-175,103,-210,85,-145,67,-100,17,-175,48,-189,44,-136,36,-99
2,0,0,55,-15,106,-60,132,-96,149,-119,93,-152,127,-214,147,-249,161,-280,54,-162,76,-252,89,-303,98,-344,12,-154,27,-195,27,-150,25,-115,-28,-133,-8,-149,1,-113,3,-85
2,0,0,56,-20,96,-66,119,-110,142,-142,88,-158,124,-220,145,-257,161,-293,48,-169,58,-256,63,-305,67,-351,8,-158,9,-217,14,-171,17,-134,-29,-132,-26,-169,-13,-138,-3,-110
2,0,0,42,-41,50,-102,4,-138,-41,-150,9,-180,20,-247,24,-290,28,-327,-34,-177,-56,-255,-69,-302,-79,-345,-65,-154,-89,-203,-79,-164,-69,-130,-89,-119,-107,-147,-94,-125,-81,-103
2,0,0,43,-46,45,-108,-6,-143,-60,-155,3,-181,5,-252,6,-296,4,-333,-42,-172,-76,-251,-98,-295,-118,-336,-73,-145,-100,-196,-78,-155,-62,-122,-95,-106,-114,-143,-92,-119,-73,-94
2,0,0,49,-42,66,-102,30,-146,-20,-159,20,-182,33,-255,39,-298,41,-336,-24,-178,-49,-262,-66,-308,-81,-352,-57,-154,-77,-213,-61,-169,-51,-131,-83,-116,-98,-156,-79,-130,-63,-102
2,0,0,53,-37,79,-92,57,-139,14,-158,32,-178,47,-252,54,-296,56,-334,-13,-177,-35,-263,-50,-313,-65,-358,-48,-155,-67,-214,-53,-173,-43,-135,-77,-120,-92,-157,-73,-133,-56,-106
2,0,0,55,-20,99,-61,108,-103,86,-132,68,-165,97,-231,114,-272,126,-309,26,-171,23,-256,23,-307,23,-351,-13,-154,-18,-209,-7,-174,3,-141,-46,-122,-44,-148,-27,-117,-13,-88
2,0,0,54,-15,97,-51,114,-87,111,-122,82,-150,112,-213,132,-250,147,-281,44,-157,45,-245,51,-297,54,-339,4,-143,5,-189,16,-156,23,-125,-32,-115,-25,-134,-9,-107,2,-82
2,0,0,56,-7,105,-44,131,-78,146,-110,101,-143,134,-201,155,-238,170,-272,60,-153,78,-234,91,-284,99,-324,18,-145,37,-191,43,-146,43,-109,-21,-124,6,-142,18,-105,24,-73
2,0,0,59,-11,107,-47,130,-82,142,-120,97,-154,129,-223,151,-263,169,-298,54,-161,64,-250,76,-302,86,-345,10,-147,16,-201,30,-168,40,-136,-29,-119,-21,-148,-1,-122,16,-96
2,0,0,58,-19,101,-54,118,-92,111,-131,86,-177,114,-248,134,-290,151,-329,39,-183,36,-278,38,-335,43,-387,-7,-166,-10,-232,-1,-192,9,-156,-48,-131,-48,-170,-31,-145,-15,-119
2,0,0,52,-36,68,-94,21,-133,-27,-159,28,-208,51,-287,64,-340,74,-384,-30,-210,-62,-311,-86,-376,-104,-429,-70,-185,-119,-251,-133,-230,-139,-201,-103,-145,-143,-182,-153,-176,-156,-164
2,0,0,50,-34,74,-88,43,-124,3,-146,29,-194,54,-270,67,-321,74,-366,-22,-198,-52,-294,-74,-357,-89,-404,-59,-177,-96,-236,-107,-214,-110,-186,-90,-142,-120,-176,-128,-163,-131,-144
2,0,0,45,-15,78,-48,91,-78,99,-103,45,-147,70,-208,83,-246,92,-280,3,-150,-12,-229,-25,-277,-35,-315,-30,-134,-56,-188,-59,-158,-57,-127,-59,-105,-85,-133,-85,-113,-78,-92
2,0,0,41,-11,70,-39,55,-59,25,-69,35,-137,55,-195,66,-233,75,-268,-6,-138,-27,-210,-46,-254,-58,-289,-37,-119,-71,-162,-77,-130,-74,-99,-61,-87,-96,-107,-102,-81,-98,-55
2,0,0,49,-11,86,-39,75,-56,40,-47,50,-130,70,-186,81,-221,89,-253,9,-131,-12,-200,-28,-241,-41,-272,-25,-113,-50,-159,-42,-119,-29,-84,-51,-82,-72,-103,-64,-68,-50,-34
2,0,0,40,0,78,-11,100,-15,116,-10,76,-93,100,-145,117,-180,127,-212,37,-99,29,-162,25,-199,19,-225,1,-89,-13,-119,-3,-84,9,-51,-29,-68,-33,-70,-20,-39,-6,-11
2,0,0,48,0,91,-16,121,-25,150,-32,95,-107,127,-159,147,-193,161,-223,59,-115,66,-178,76,-219,81,-252,24,-103,25,-134,43,-107,57,-82,-3,-79,5,-82,24,-60,41,-40
2,0,0,59,2,114,-33,157,-64,188,-91,124,-108,163,-161,185,-192,201,-220,95,-120,120,-196,140,-237,156,-274,63,-116,92,-169,104,-120,109,-80,33,-97,68,-118,85,-84,92,-54
2,0,0,60,4,114,-33,156,-68,188,-96,126,-107,167,-159,189,-190,206,-217,100,-118,128,-194,150,-237,165,-275,69,-114,101,-168,114,-119,119,-82,40,-94,79,-117,94,-82,97,-52
2,0,0,61,3,116,-39,157,-76,184,-101,125,-110,163,-165,186,-196,203,-225,100,-120,127,-199,151,-243,167,-281,71,-116,101,-174,115,-128,121,-92,45,-97,84,-129,99,-97,102,-68
2,0,0,77,-2,128,-39,173,-78,180,-101,135,-116,173,-171,194,-201,209,-229,112,-128,141,-204,166,-248,184,-288,83,-124,122,-180,138,-132,143,-97,59,-101,106,-132,124,-97,124,-65
2,0,0,74,-11,127,-54,176,-90,203,-110,116,-143,145,-202,161,-237,173,-267,88,-149,106,-232,124,-279,138,-321,56,-138,85,-203,109,-158,121,-122,31,-107,70,-146,100,-119,114,-91
2,0,0,50,-7,96,-39,93,-65,55,-71,57,-148,68,-204,77,-243,86,-273,11,-148,-14,-211,-13,-215,-3,-209,-30,-133,-61,-183,-56,-180,-44,-165,-66,-105,-83,-145,-66,-145,-47,-135
2,0,0,65,-9,118,-41,122,-76,78,-92,92,-171,122,-240,142,-283,157,-321,44,-174,36,-256,31,-301,28,-338,0,-157,-15,-220,-7,-195,0,-161,-37,-126,-51,-174,-32,-166,-14,-147
2,0,0,60,-21,104,-57,90,-85,43,-92,64,-179,90,-255,105,-301,117,-342,13,-183,-1,-278,-11,-338,-18,-389,-30,-165,-52,-233,-46,-203,-38,-168,-67,-132,-91,-188,-77,-176,-61,-150
2,0,0,56,-26,89,-71,50,-103,-6,-114,42,-188,62,-267,72,-315,80,-358,-12,-189,-30,-285,-44,-343,-53,-396,-53,-169,-79,-237,-76,-201,-69,-165,-87,-131,-110,-181,-97,-166,-82,-142
2,0,0,53,-43,69,-100,17,-135,-39,-145,13,-198,19,-283,21,-336,21,-379,-38,-195,-70,-287,-92,-346,-109,-391,-74,-171,-105,-234,-113,-224,-118,-201,-105,-134,-138,-183,-145,-194,-146,-191
2,0,0,52,-43,68,-102,15,-137,-40,-145,10,-198,14,-283,15,-336,15,-378,-41,-196,-73,-289,-96,-347,-112,-392,-76,-172,-110,-233,-122,-226,-130,-205,-107,-135,-142,-181,-151,-191,-155,-189
2,0,0,39,-39,49,-87,5,-106,-41,-108,-14,-172,-13,-244,-13,-289,-16,-329,-59,-167,-99,-246,-124,-296,-142,-333,-91,-143,-133,-196,-135,-183,-128,-161,-114,-106,-147,-145,-142,-148,-128,-139
2,0,0,46,-26,78,-58,76,-83,50,-86,32,-156,44,-222,53,-259,56,-295,-10,-155,-35,-232,-49,-278,-62,-321,-44,-136,-73,-192,-60,-167,-46,-137,-72,-105,-101,-145,-87,-139,-71,-122
2,0,0,58,-20,95,-48,117,-77,112,-96,75,-147,96,-205,108,-240,116,-272,38,-149,27,-217,22,-262,15,-297,5,-137,-2,-192,21,-173,38,-143,-25,-115,-30,-162,-8,-157,9,-139
2,0,0,59,-9,95,-31,120,-56,128,-79,87,-126,113,-179,128,-213,137,-245,56,-130,52,-202,54,-250,53,-289,25,-119,22,-170,45,-141,62,-112,-2,-99,-5,-140,14,-133,28,-119
2,0,0,61,-2,101,-25,132,-48,152,-66,104,-118,131,-171,147,-204,158,-233,73,-125,75,-199,81,-246,81,-284,41,-115,41,-165,66,-131,84,-100,14,-93,21,-128,45,-112,63,-92
2,0,0,61,-3,101,-26,133,-47,154,-64,103,-120,130,-173,147,-206,159,-237,72,-127,74,-200,81,-247,82,-287,40,-117,41,-168,67,-133,86,-100,13,-95,20,-134,44,-117,62,-95
