0,0,37,-64,37,-118,-3,-152,-43,-186,-70,-97,-85,-129,-138,-149,-172,-165,-198,-61,-103,-77,-173,-89,-219,-99,-255,-27,-105,-32,-170,-40,-211,-49,-242,8,-97,19,-145,24,-174,25,-198
0,0,86,-64,86,-118,46,-152,6,-186,-21,-97,-36,-129,-89,-149,-123,-165,-149,-61,-54,-77,-124,-89,-170,-99,-206,-27,-56,-32,-121,-40,-162,-49,-193,8,-48,19,-96,24,-125,25,-149
0,0,80,-64,80,-118,40,-152,0,-186,-27,-97,-42,-129,-95,-149,-129,-165,-155,-61,-60,-77,-130,-89,-176,-99,-212,-27,-62,-32,-127,-40,-168,-49,-199,8,-54,19,-102,24,-131,25,-155
0,0,90,-64,90,-118,50,-152,10,-186,-17,-97,-32,-129,-85,-149,-119,-165,-145,-61,-50,-77,-120,-89,-166,-99,-202,-27,-52,-32,-117,-40,-158,-49,-189,8,-44,19,-92,24,-121,25,-145
0,0,59,-64,59,-118,19,-152,-21,-186,-48,-97,-63,-129,-116,-149,-150,-165,-176,-61,-81,-77,-151,-89,-197,-99,-233,-27,-83,-32,-148,-40,-189,-49,-220,8,-75,19,-123,24,-152,25,-176
0,0,60,-64,60,-118,20,-152,-20,-186,-47,-97,-62,-129,-115,-149,-149,-165,-175,-61,-80,-77,-150,-89,-196,-99,-232,-27,-82,-32,-147,-40,-188,-49,-219,8,-74,19,-122,24,-151,25,-175
0,0,14,-64,14,-118,-26,-152,-66,-186,-93,-97,-108,-129,-161,-149,-195,-165,-221,-61,-126,-77,-196,-89,-242,-99,-278,-27,-128,-32,-193,-40,-234,-49,-265,8,-120,19,-168,24,-197,25,-221
0,0,60,-64,60,-118,20,-152,-20,-186,-47,-97,-62,-129,-115,-149,-149,-165,-175,-61,-80,-77,-150,-89,-196,-99,-232,-27,-82,-32,-147,-40,-188,-49,-219,8,-74,19,-122,24,-151,25,-175
0,0,106,-64,106,-118,66,-152,26,-186,-1,-97,-16,-129,-69,-149,-103,-165,-129,-61,-34,-77,-104,-89,-150,-99,-186,-27,-36,-32,-101,-40,-142,-49,-173,8,-28,19,-76,24,-105,25,-129
0,0,62,-64,62,-118,22,-152,-18,-186,-45,-97,-60,-129,-113,-149,-147,-165,-173,-61,-78,-77,-148,-89,-194,-99,-230,-27,-80,-32,-145,-40,-186,-49,-217,8,-72,19,-120,24,-149,25,-173
0,0,26,-64,26,-118,-14,-152,-54,-186,-81,-97,-96,-129,-149,-149,-183,-165,-209,-61,-114,-77,-184,-89,-230,-99,-266,-27,-116,-32,-181,-40,-222,-49,-253,8,-108,19,-156,24,-185,25,-209
0,0,20,-64,20,-118,-20,-152,-60,-186,-87,-97,-102,-129,-155,-149,-189,-165,-215,-61,-120,-77,-190,-89,-236,-99,-272,-27,-122,-32,-187,-40,-228,-49,-259,8,-114,19,-162,24,-191,25,-215
0,0,65,-64,65,-118,25,-152,-15,-186,-42,-97,-57,-129,-110,-149,-144,-165,-170,-61,-75,-77,-145,-89,-191,-99,-227,-27,-77,-32,-142,-40,-183,-49,-214,8,-69,19,-117,24,-146,25,-170
0,0,71,-64,71,-118,31,-152,-9,-186,-36,-97,-51,-129,-104,-149,-138,-165,-164,-61,-69,-77,-139,-89,-185,-99,-221,-27,-71,-32,-136,-40,-177,-49,-208,8,-63,19,-111,24,-140,25,-164
0,0,108,-64,108,-118,68,-152,28,-186,1,-97,-14,-129,-67,-149,-101,-165,-127,-61,-32,-77,-102,-89,-148,-99,-184,-27,-34,-32,-99,-40,-140,-49,-171,8,-26,19,-74,24,-103,25,-127
0,0,60,-64,60,-118,20,-152,-20,-186,-47,-97,-62,-129,-115,-149,-149,-165,-175,-61,-80,-77,-150,-89,-196,-99,-232,-27,-82,-32,-147,-40,-188,-49,-219,8,-74,19,-122,24,-151,25,-175
0,0,94,-64,94,-118,54,-152,14,-186,-13,-97,-28,-129,-81,-149,-115,-165,-141,-61,-46,-77,-116,-89,-162,-99,-198,-27,-48,-32,-113,-40,-154,-49,-185,8,-40,19,-88,24,-117,25,-141
0,0,123,-64,123,-118,83,-152,43,-186,16,-97,1,-129,-52,-149,-86,-165,-112,-61,-17,-77,-87,-89,-133,-99,-169,-27,-19,-32,-84,-40,-125,-49,-156,8,-11,19,-59,24,-88,25,-112
0,0,165,-64,165,-118,125,-152,85,-186,58,-97,43,-129,-10,-149,-44,-165,-70,-61,25,-77,-45,-89,-91,-99,-127,-27,23,-32,-42,-40,-83,-49,-114,8,31,19,-17,24,-46,25,-70
0,0,152,-64,152,-118,112,-152,72,-186,45,-97,30,-129,-23,-149,-57,-165,-83,-61,12,-77,-58,-89,-104,-99,-140,-27,10,-32,-55,-40,-96,-49,-127,8,18,19,-30,24,-59,25,-83
0,39,0,-25,0,-79,-40,-113,-80,-147,-107,-58,-122,-90,-175,-110,-209,-126,-235,-22,-140,-38,-210,-50,-256,-60,-292,12,-142,7,-207,-1,-248,-10,-279,47,-134,58,-182,63,-211,64,-235
0,17,0,-47,0,-101,-40,-135,-80,-169,-107,-80,-122,-112,-175,-132,-209,-148,-235,-44,-140,-60,-210,-72,-256,-82,-292,-10,-142,-15,-207,-23,-248,-32,-279,25,-134,36,-182,41,-211,42,-235
0,11,0,-53,0,-107,-40,-141,-80,-175,-107,-86,-122,-118,-175,-138,-209,-154,-235,-50,-140,-66,-210,-78,-256,-88,-292,-16,-142,-21,-207,-29,-248,-38,-279,19,-134,30,-182,35,-211,36,-235
0,-11,0,-75,0,-129,-40,-163,-80,-197,-107,-108,-122,-140,-175,-160,-209,-176,-235,-72,-140,-88,-210,-100,-256,-110,-292,-38,-142,-43,-207,-51,-248,-60,-279,-3,-134,8,-182,13,-211,14,-235
0,-38,0,-102,0,-156,-40,-190,-80,-224,-107,-135,-122,-167,-175,-187,-209,-203,-235,-99,-140,-115,-210,-127,-256,-137,-292,-65,-142,-70,-207,-78,-248,-87,-279,-30,-134,-19,-182,-14,-211,-13,-235
0,-18,0,-82,0,-136,-40,-170,-80,-204,-107,-115,-122,-147,-175,-167,-209,-183,-235,-79,-140,-95,-210,-107,-256,-117,-292,-45,-142,-50,-207,-58,-248,-67,-279,-10,-134,1,-182,6,-211,7,-235
0,7,0,-57,0,-111,-40,-145,-80,-179,-107,-90,-122,-122,-175,-142,-209,-158,-235,-54,-140,-70,-210,-82,-256,-92,-292,-20,-142,-25,-207,-33,-248,-42,-279,15,-134,26,-182,31,-211,32,-235
0,18,0,-46,0,-100,-40,-134,-80,-168,-107,-79,-122,-111,-175,-131,-209,-147,-235,-43,-140,-59,-210,-71,-256,-81,-292,-9,-142,-14,-207,-22,-248,-31,-279,26,-134,37,-182,42,-211,43,-235
0,15,0,-49,0,-103,-40,-137,-80,-171,-107,-82,-122,-114,-175,-134,-209,-150,-235,-46,-140,-62,-210,-74,-256,-84,-292,-12,-142,-17,-207,-25,-248,-34,-279,23,-134,34,-182,39,-211,40,-235
0,59,0,-5,0,-59,-40,-93,-80,-127,-107,-38,-122,-70,-175,-90,-209,-106,-235,-2,-140,-18,-210,-30,-256,-40,-292,32,-142,27,-207,19,-248,10,-279,67,-134,78,-182,83,-211,84,-235
0,33,0,-31,0,-85,-40,-119,-80,-153,-107,-64,-122,-96,-175,-116,-209,-132,-235,-28,-140,-44,-210,-56,-256,-66,-292,6,-142,1,-207,-7,-248,-16,-279,41,-134,52,-182,57,-211,58,-235
0,1,0,-63,0,-117,-40,-151,-80,-185,-107,-96,-122,-128,-175,-148,-209,-164,-235,-60,-140,-76,-210,-88,-256,-98,-292,-26,-142,-31,-207,-39,-248,-48,-279,9,-134,20,-182,25,-211,26,-235
0,7,0,-57,0,-111,-40,-145,-80,-179,-107,-90,-122,-122,-175,-142,-209,-158,-235,-54,-140,-70,-210,-82,-256,-92,-292,-20,-142,-25,-207,-33,-248,-42,-279,15,-134,26,-182,31,-211,32,-235
0,17,0,-47,0,-101,-40,-135,-80,-169,-107,-80,-122,-112,-175,-132,-209,-148,-235,-44,-140,-60,-210,-72,-256,-82,-292,-10,-142,-15,-207,-23,-248,-32,-279,25,-134,36,-182,41,-211,42,-235
0,2,0,-62,0,-116,-40,-150,-80,-184,-107,-95,-122,-127,-175,-147,-209,-163,-235,-59,-140,-75,-210,-87,-256,-97,-292,-25,-142,-30,-207,-38,-248,-47,-279,10,-134,21,-182,26,-211,27,-235
0,1,0,-63,0,-117,-40,-151,-80,-185,-107,-96,-122,-128,-175,-148,-209,-164,-235,-60,-140,-76,-210,-88,-256,-98,-292,-26,-142,-31,-207,-39,-248,-48,-279,9,-134,20,-182,25,-211,26,-235
0,-8,0,-72,0,-126,-40,-160,-80,-194,-107,-105,-122,-137,-175,-157,-209,-173,-235,-69,-140,-85,-210,-97,-256,-107,-292,-35,-142,-40,-207,-48,-248,-57,-279,0,-134,11,-182,16,-211,17,-235
0,-40,0,-104,0,-158,-40,-192,-80,-226,-107,-137,-122,-169,-175,-189,-209,-205,-235,-101,-140,-117,-210,-129,-256,-139,-292,-67,-142,-72,-207,-80,-248,-89,-279,-32,-134,-21,-182,-16,-211,-15,-235
0,-14,0,-78,0,-132,-40,-166,-80,-200,-107,-111,-122,-143,-175,-163,-209,-179,-235,-75,-140,-91,-210,-103,-256,-113,-292,-41,-142,-46,-207,-54,-248,-63,-279,-6,-134,5,-182,10,-211,11,-235
0,25,0,-39,0,-93,-40,-127,-80,-161,-107,-72,-122,-104,-175,-124,-209,-140,-235,-36,-140,-52,-210,-64,-256,-74,-292,-2,-142,-7,-207,-15,-248,-24,-279,33,-134,44,-182,49,-211,50,-235
0,36,36,-28,36,-82,-4,-116,-44,-150,-71,-61,-86,-93,-139,-113,-173,-129,-199,-25,-104,-41,-174,-53,-220,-63,-256,9,-106,4,-171,-4,-212,-13,-243,44,-98,55,-146,60,-175,61,-199
0,58,58,-6,58,-60,18,-94,-22,-128,-49,-39,-64,-71,-117,-91,-151,-107,-177,-3,-82,-19,-152,-31,-198,-41,-234,31,-84,26,-149,18,-190,9,-221,66,-76,77,-124,82,-153,83,-177
0,10,10,-54,10,-108,-30,-142,-70,-176,-97,-87,-112,-119,-165,-139,-199,-155,-225,-51,-130,-67,-200,-79,-246,-89,-282,-17,-132,-22,-197,-30,-238,-39,-269,18,-124,29,-172,34,-201,35,-225
0,56,56,-8,56,-62,16,-96,-24,-130,-51,-41,-66,-73,-119,-93,-153,-109,-179,-5,-84,-21,-154,-33,-200,-43,-236,29,-86,24,-151,16,-192,7,-223,64,-78,75,-126,80,-155,81,-179
0,93,93,29,93,-25,53,-59,13,-93,-14,-4,-29,-36,-82,-56,-116,-72,-142,32,-47,16,-117,4,-163,-6,-199,66,-49,61,-114,53,-155,44,-186,101,-41,112,-89,117,-118,118,-142
0,93,93,29,93,-25,53,-59,13,-93,-14,-4,-29,-36,-82,-56,-116,-72,-142,32,-47,16,-117,4,-163,-6,-199,66,-49,61,-114,53,-155,44,-186,101,-41,112,-89,117,-118,118,-142
0,139,139,75,139,21,99,-13,59,-47,32,42,17,10,-36,-10,-70,-26,-96,78,-1,62,-71,50,-117,40,-153,112,-3,107,-68,99,-109,90,-140,147,5,158,-43,163,-72,164,-96
0,120,120,56,120,2,80,-32,40,-66,13,23,-2,-9,-55,-29,-89,-45,-115,59,-20,43,-90,31,-136,21,-172,93,-22,88,-87,80,-128,71,-159,128,-14,139,-62,144,-91,145,-115
0,78,78,14,78,-40,38,-74,-2,-108,-29,-19,-44,-51,-97,-71,-131,-87,-157,17,-62,1,-132,-11,-178,-21,-214,51,-64,46,-129,38,-170,29,-201,86,-56,97,-104,102,-133,103,-157
0,42,42,-22,42,-76,2,-110,-38,-144,-65,-55,-80,-87,-133,-107,-167,-123,-193,-19,-98,-35,-168,-47,-214,-57,-250,15,-100,10,-165,2,-206,-7,-237,50,-92,61,-140,66,-169,67,-193
0,25,25,-39,25,-93,-15,-127,-55,-161,-82,-72,-97,-104,-150,-124,-184,-140,-210,-36,-115,-52,-185,-64,-231,-74,-267,-2,-117,-7,-182,-15,-223,-24,-254,33,-109,44,-157,49,-186,50,-210
0,34,34,-30,34,-84,-6,-118,-46,-152,-73,-63,-88,-95,-141,-115,-175,-131,-201,-27,-106,-43,-176,-55,-222,-65,-258,7,-108,2,-173,-6,-214,-15,-245,42,-100,53,-148,58,-177,59,-201
0,7,7,-57,7,-111,-33,-145,-73,-179,-100,-90,-115,-122,-168,-142,-202,-158,-228,-54,-133,-70,-203,-82,-249,-92,-285,-20,-135,-25,-200,-33,-241,-42,-272,15,-127,26,-175,31,-204,32,-228
0,19,19,-45,19,-99,-21,-133,-61,-167,-88,-78,-103,-110,-156,-130,-190,-146,-216,-42,-121,-58,-191,-70,-237,-80,-273,-8,-123,-13,-188,-21,-229,-30,-260,27,-115,38,-163,43,-192,44,-216
0,1,1,-63,1,-117,-39,-151,-79,-185,-106,-96,-121,-128,-174,-148,-208,-164,-234,-60,-139,-76,-209,-88,-255,-98,-291,-26,-141,-31,-206,-39,-247,-48,-278,9,-133,20,-181,25,-210,26,-234
0,48,48,-16,48,-70,8,-104,-32,-138,-59,-49,-74,-81,-127,-101,-161,-117,-187,-13,-92,-29,-162,-41,-208,-51,-244,21,-94,16,-159,8,-200,-1,-231,56,-86,67,-134,72,-163,73,-187
0,74,74,10,74,-44,34,-78,-6,-112,-33,-23,-48,-55,-101,-75,-135,-91,-161,13,-66,-3,-136,-15,-182,-25,-218,47,-68,42,-133,34,-174,25,-205,82,-60,93,-108,98,-137,99,-161
0,53,53,-11,53,-65,13,-99,-27,-133,-54,-44,-69,-76,-122,-96,-156,-112,-182,-8,-87,-24,-157,-36,-203,-46,-239,26,-89,21,-154,13,-195,4,-226,61,-81,72,-129,77,-158,78,-182
0,62,62,-2,62,-56,22,-90,-18,-124,-45,-35,-60,-67,-113,-87,-147,-103,-173,1,-78,-15,-148,-27,-194,-37,-230,35,-80,30,-145,22,-186,13,-217,70,-72,81,-120,86,-149,87,-173
0,66,66,2,66,-52,26,-86,-14,-120,-41,-31,-56,-63,-109,-83,-143,-99,-169,5,-74,-11,-144,-23,-190,-33,-226,39,-76,34,-141,26,-182,17,-213,74,-68,85,-116,90,-145,91,-169
0,0,-13,59,-27,89,-75,99,-122,122,-155,50,-134,64,-191,73,-232,77,-263,12,-140,19,-207,22,-251,22,-289,-20,-135,-21,-193,-20,-235,-21,-269,-53,-121,-66,-164,-73,-194,-80,-218
0,0,32,59,18,89,-30,99,-77,122,-110,50,-89,64,-146,73,-187,77,-218,12,-95,19,-162,22,-206,22,-244,-20,-90,-21,-148,-20,-190,-21,-224,-53,-76,-66,-119,-73,-149,-80,-173
0,0,35,59,21,89,-27,99,-74,122,-107,50,-86,64,-143,73,-184,77,-215,12,-92,19,-159,22,-203,22,-241,-20,-87,-21,-145,-20,-187,-21,-221,-53,-73,-66,-116,-73,-146,-80,-170
0,0,11,59,-3,89,-51,99,-98,122,-131,50,-110,64,-167,73,-208,77,-239,12,-116,19,-183,22,-227,22,-265,-20,-111,-21,-169,-20,-211,-21,-245,-53,-97,-66,-140,-73,-170,-80,-194
0,0,61,59,47,89,-1,99,-48,122,-81,50,-60,64,-117,73,-158,77,-189,12,-66,19,-133,22,-177,22,-215,-20,-61,-21,-119,-20,-161,-21,-195,-53,-47,-66,-90,-73,-120,-80,-144
0,0,53,59,39,89,-9,99,-56,122,-89,50,-68,64,-125,73,-166,77,-197,12,-74,19,-141,22,-185,22,-223,-20,-69,-21,-127,-20,-169,-21,-203,-53,-55,-66,-98,-73,-128,-80,-152
0,0,30,59,16,89,-32,99,-79,122,-112,50,-91,64,-148,73,-189,77,-220,12,-97,19,-164,22,-208,22,-246,-20,-92,-21,-150,-20,-192,-21,-226,-53,-78,-66,-121,-73,-151,-80,-175
0,0,-15,59,-29,89,-77,99,-124,122,-157,50,-136,64,-193,73,-234,77,-265,12,-142,19,-209,22,-253,22,-291,-20,-137,-21,-195,-20,-237,-21,-271,-53,-123,-66,-166,-73,-196,-80,-220
0,0,-42,59,-56,89,-104,99,-151,122,-184,50,-163,64,-220,73,-261,77,-292,12,-169,19,-236,22,-280,22,-318,-20,-164,-21,-222,-20,-264,-21,-298,-53,-150,-66,-193,-73,-223,-80,-247
0,0,-28,59,-42,89,-90,99,-137,122,-170,50,-149,64,-206,73,-247,77,-278,12,-155,19,-222,22,-266,22,-304,-20,-150,-21,-208,-20,-250,-21,-284,-53,-136,-66,-179,-73,-209,-80,-233
0,0,50,59,36,89,-12,99,-59,122,-92,50,-71,64,-128,73,-169,77,-200,12,-77,19,-144,22,-188,22,-226,-20,-72,-21,-130,-20,-172,-21,-206,-53,-58,-66,-101,-73,-131,-80,-155
0,0,61,59,47,89,-1,99,-48,122,-81,50,-60,64,-117,73,-158,77,-189,12,-66,19,-133,22,-177,22,-215,-20,-61,-21,-119,-20,-161,-21,-195,-53,-47,-66,-90,-73,-120,-80,-144
0,0,46,59,32,89,-16,99,-63,122,-96,50,-75,64,-132,73,-173,77,-204,12,-81,19,-148,22,-192,22,-230,-20,-76,-21,-134,-20,-176,-21,-210,-53,-62,-66,-105,-73,-135,-80,-159
0,0,49,59,35,89,-13,99,-60,122,-93,50,-72,64,-129,73,-170,77,-201,12,-78,19,-145,22,-189,22,-227,-20,-73,-21,-131,-20,-173,-21,-207,-53,-59,-66,-102,-73,-132,-80,-156
0,0,50,59,36,89,-12,99,-59,122,-92,50,-71,64,-128,73,-169,77,-200,12,-77,19,-144,22,-188,22,-226,-20,-72,-21,-130,-20,-172,-21,-206,-53,-58,-66,-101,-73,-131,-80,-155
0,0,84,59,70,89,22,99,-25,122,-58,50,-37,64,-94,73,-135,77,-166,12,-43,19,-110,22,-154,22,-192,-20,-38,-21,-96,-20,-138,-21,-172,-53,-24,-66,-67,-73,-97,-80,-121
0,0,66,59,52,89,4,99,-43,122,-76,50,-55,64,-112,73,-153,77,-184,12,-61,19,-128,22,-172,22,-210,-20,-56,-21,-114,-20,-156,-21,-190,-53,-42,-66,-85,-73,-115,-80,-139
0,0,57,59,43,89,-5,99,-52,122,-85,50,-64,64,-121,73,-162,77,-193,12,-70,19,-137,22,-181,22,-219,-20,-65,-21,-123,-20,-165,-21,-199,-53,-51,-66,-94,-73,-124,-80,-148
0,0,70,59,56,89,8,99,-39,122,-72,50,-51,64,-108,73,-149,77,-180,12,-57,19,-124,22,-168,22,-206,-20,-52,-21,-110,-20,-152,-21,-186,-53,-38,-66,-81,-73,-111,-80,-135
0,0,51,59,37,89,-11,99,-58,122,-91,50,-70,64,-127,73,-168,77,-199,12,-76,19,-143,22,-187,22,-225,-20,-71,-21,-129,-20,-171,-21,-205,-53,-57,-66,-100,-73,-130,-80,-154
0,-11,0,48,-14,78,-62,88,-109,111,-142,39,-121,53,-178,62,-219,66,-250,1,-127,8,-194,11,-238,11,-276,-31,-122,-32,-180,-31,-222,-32,-256,-64,-108,-77,-151,-84,-181,-91,-205
0,31,0,90,-14,120,-62,130,-109,153,-142,81,-121,95,-178,104,-219,108,-250,43,-127,50,-194,53,-238,53,-276,11,-122,10,-180,11,-222,10,-256,-22,-108,-35,-151,-42,-181,-49,-205
0,21,0,80,-14,110,-62,120,-109,143,-142,71,-121,85,-178,94,-219,98,-250,33,-127,40,-194,43,-238,43,-276,1,-122,0,-180,1,-222,0,-256,-32,-108,-45,-151,-52,-181,-59,-205
0,22,0,81,-14,111,-62,121,-109,144,-142,72,-121,86,-178,95,-219,99,-250,34,-127,41,-194,44,-238,44,-276,2,-122,1,-180,2,-222,1,-256,-31,-108,-44,-151,-51,-181,-58,-205
0,68,0,127,-14,157,-62,167,-109,190,-142,118,-121,132,-178,141,-219,145,-250,80,-127,87,-194,90,-238,90,-276,48,-122,47,-180,48,-222,47,-256,15,-108,2,-151,-5,-181,-12,-205
0,22,0,81,-14,111,-62,121,-109,144,-142,72,-121,86,-178,95,-219,99,-250,34,-127,41,-194,44,-238,44,-276,2,-122,1,-180,2,-222,1,-256,-31,-108,-44,-151,-51,-181,-58,-205
0,52,0,111,-14,141,-62,151,-109,174,-142,102,-121,116,-178,125,-219,129,-250,64,-127,71,-194,74,-238,74,-276,32,-122,31,-180,32,-222,31,-256,-1,-108,-14,-151,-21,-181,-28,-205
0,2,0,61,-14,91,-62,101,-109,124,-142,52,-121,66,-178,75,-219,79,-250,14,-127,21,-194,24,-238,24,-276,-18,-122,-19,-180,-18,-222,-19,-256,-51,-108,-64,-151,-71,-181,-78,-205
0,8,0,67,-14,97,-62,107,-109,130,-142,58,-121,72,-178,81,-219,85,-250,20,-127,27,-194,30,-238,30,-276,-12,-122,-13,-180,-12,-222,-13,-256,-45,-108,-58,-151,-65,-181,-72,-205
0,-37,0,22,-14,52,-62,62,-109,85,-142,13,-121,27,-178,36,-219,40,-250,-25,-127,-18,-194,-15,-238,-15,-276,-57,-122,-58,-180,-57,-222,-58,-256,-90,-108,-103,-151,-110,-181,-117,-205
0,-6,0,53,-14,83,-62,93,-109,116,-142,44,-121,58,-178,67,-219,71,-250,6,-127,13,-194,16,-238,16,-276,-26,-122,-27,-180,-26,-222,-27,-256,-59,-108,-72,-151,-79,-181,-86,-205
0,11,0,70,-14,100,-62,110,-109,133,-142,61,-121,75,-178,84,-219,88,-250,23,-127,30,-194,33,-238,33,-276,-9,-122,-10,-180,-9,-222,-10,-256,-42,-108,-55,-151,-62,-181,-69,-205
0,26,0,85,-14,115,-62,125,-109,148,-142,76,-121,90,-178,99,-219,103,-250,38,-127,45,-194,48,-238,48,-276,6,-122,5,-180,6,-222,5,-256,-27,-108,-40,-151,-47,-181,-54,-205
0,72,0,131,-14,161,-62,171,-109,194,-142,122,-121,136,-178,145,-219,149,-250,84,-127,91,-194,94,-238,94,-276,52,-122,51,-180,52,-222,51,-256,19,-108,6,-151,-1,-181,-8,-205
0,81,0,140,-14,170,-62,180,-109,203,-142,131,-121,145,-178,154,-219,158,-250,93,-127,100,-194,103,-238,103,-276,61,-122,60,-180,61,-222,60,-256,28,-108,15,-151,8,-181,1,-205
0,121,0,180,-14,210,-62,220,-109,243,-142,171,-121,185,-178,194,-219,198,-250,133,-127,140,-194,143,-238,143,-276,101,-122,100,-180,101,-222,100,-256,68,-108,55,-151,48,-181,41,-205
0,125,0,184,-14,214,-62,224,-109,247,-142,175,-121,189,-178,198,-219,202,-250,137,-127,144,-194,147,-238,147,-276,105,-122,104,-180,105,-222,104,-256,72,-108,59,-151,52,-181,45,-205
0,146,0,205,-14,235,-62,245,-109,268,-142,196,-121,210,-178,219,-219,223,-250,158,-127,165,-194,168,-238,168,-276,126,-122,125,-180,126,-222,125,-256,93,-108,80,-151,73,-181,66,-205
0,144,0,203,-14,233,-62,243,-109,266,-142,194,-121,208,-178,217,-219,221,-250,156,-127,163,-194,166,-238,166,-276,124,-122,123,-180,124,-222,123,-256,91,-108,78,-151,71,-181,64,-205
0,152,0,211,-14,241,-62,251,-109,274,-142,202,-121,216,-178,225,-219,229,-250,164,-127,171,-194,174,-238,174,-276,132,-122,131,-180,132,-222,131,-256,99,-108,86,-151,79,-181,72,-205
0,-45,-45,14,-59,44,-107,54,-154,77,-187,5,-166,19,-223,28,-264,32,-295,-33,-172,-26,-239,-23,-283,-23,-321,-65,-167,-66,-225,-65,-267,-66,-301,-98,-153,-111,-196,-118,-226,-125,-250
0,-67,-67,-8,-81,22,-129,32,-176,55,-209,-17,-188,-3,-245,6,-286,10,-317,-55,-194,-48,-261,-45,-305,-45,-343,-87,-189,-88,-247,-87,-289,-88,-323,-120,-175,-133,-218,-140,-248,-147,-272
0,-58,-58,1,-72,31,-120,41,-167,64,-200,-8,-179,6,-236,15,-277,19,-308,-46,-185,-39,-252,-36,-296,-36,-334,-78,-180,-79,-238,-78,-280,-79,-314,-111,-166,-124,-209,-131,-239,-138,-263
0,-15,-15,44,-29,74,-77,84,-124,107,-157,35,-136,49,-193,58,-234,62,-265,-3,-142,4,-209,7,-253,7,-291,-35,-137,-36,-195,-35,-237,-36,-271,-68,-123,-81,-166,-88,-196,-95,-220
0,32,32,91,18,121,-30,131,-77,154,-110,82,-89,96,-146,105,-187,109,-218,44,-95,51,-162,54,-206,54,-244,12,-90,11,-148,12,-190,11,-224,-21,-76,-34,-119,-41,-149,-48,-173
0,29,29,88,15,118,-33,128,-80,151,-113,79,-92,93,-149,102,-190,106,-221,41,-98,48,-165,51,-209,51,-247,9,-93,8,-151,9,-193,8,-227,-24,-79,-37,-122,-44,-152,-51,-176
0,46,46,105,32,135,-16,145,-63,168,-96,96,-75,110,-132,119,-173,123,-204,58,-81,65,-148,68,-192,68,-230,26,-76,25,-134,26,-176,25,-210,-7,-62,-20,-105,-27,-135,-34,-159
0,0,0,59,-14,89,-62,99,-109,122,-142,50,-121,64,-178,73,-219,77,-250,12,-127,19,-194,22,-238,22,-276,-20,-122,-21,-180,-20,-222,-21,-256,-53,-108,-66,-151,-73,-181,-80,-205
0,0,0,59,-14,89,-62,99,-109,122,-142,50,-121,64,-178,73,-219,77,-250,12,-127,19,-194,22,-238,22,-276,-20,-122,-21,-180,-20,-222,-21,-256,-53,-108,-66,-151,-73,-181,-80,-205
0,-30,-30,29,-44,59,-92,69,-139,92,-172,20,-151,34,-208,43,-249,47,-280,-18,-157,-11,-224,-8,-268,-8,-306,-50,-152,-51,-210,-50,-252,-51,-286,-83,-138,-96,-181,-103,-211,-110,-235
0,45,45,104,31,134,-17,144,-64,167,-97,95,-76,109,-133,118,-174,122,-205,57,-82,64,-149,67,-193,67,-231,25,-77,24,-135,25,-177,24,-211,-8,-63,-21,-106,-28,-136,-35,-160
0,67,67,126,53,156,5,166,-42,189,-75,117,-54,131,-111,140,-152,144,-183,79,-60,86,-127,89,-171,89,-209,47,-55,46,-113,47,-155,46,-189,14,-41,1,-84,-6,-114,-13,-138
0,84,84,143,70,173,22,183,-25,206,-58,134,-37,148,-94,157,-135,161,-166,96,-43,103,-110,106,-154,106,-192,64,-38,63,-96,64,-138,63,-172,31,-24,18,-67,11,-97,4,-121
0,114,114,173,100,203,52,213,5,236,-28,164,-7,178,-64,187,-105,191,-136,126,-13,133,-80,136,-124,136,-162,94,-8,93,-66,94,-108,93,-142,61,6,48,-37,41,-67,34,-91
0,147,147,206,133,236,85,246,38,269,5,197,26,211,-31,220,-72,224,-103,159,20,166,-47,169,-91,169,-129,127,25,126,-33,127,-75,126,-109,94,39,81,-4,74,-34,67,-58
0,190,190,249,176,279,128,289,81,312,48,240,69,254,12,263,-29,267,-60,202,63,209,-4,212,-48,212,-86,170,68,169,10,170,-32,169,-66,137,82,124,39,117,9,110,-15
0,218,218,277,204,307,156,317,109,340,76,268,97,282,40,291,-1,295,-32,230,91,237,24,240,-20,240,-58,198,96,197,38,198,-4,197,-38,165,110,152,67,145,37,138,13
0,171,171,230,157,260,109,270,62,293,29,221,50,235,-7,244,-48,248,-79,183,44,190,-23,193,-67,193,-105,151,49,150,-9,151,-51,150,-85,118,63,105,20,98,-10,91,-34
0,196,196,255,182,285,134,295,87,318,54,246,75,260,18,269,-23,273,-54,208,69,215,2,218,-42,218,-80,176,74,175,16,176,-26,175,-60,143,88,130,45,123,15,116,-9
0,244,244,303,230,333,182,343,135,366,102,294,123,308,66,317,25,321,-6,256,117,263,50,266,6,266,-32,224,122,223,64,224,22,223,-12,191,136,178,93,171,63,164,39
1,0,30,-58,-10,-86,-80,-89,-138,-98,-178,-26,-99,-12,-123,-22,-95,-29,-80,14,-78,16,-99,-4,-64,-11,-52,45,-53,45,-70,25,-42,19,-33,71,-29,71,-37,56,-17,51,-10
1,0,68,-58,28,-86,-42,-89,-100,-98,-140,-26,-61,-12,-85,-22,-57,-29,-42,14,-40,16,-61,-4,-26,-11,-14,45,-15,45,-32,25,-4,19,5,71,9,71,1,56,21,51,28
1,0,30,-58,-10,-86,-80,-89,-138,-98,-178,-26,-99,-12,-123,-22,-95,-29,-80,14,-78,16,-99,-4,-64,-11,-52,45,-53,45,-70,25,-42,19,-33,71,-29,71,-37,56,-17,51,-10
1,0,43,-58,3,-86,-67,-89,-125,-98,-165,-26,-86,-12,-110,-22,-82,-29,-67,14,-65,16,-86,-4,-51,-11,-39,45,-40,45,-57,25,-29,19,-20,71,-16,71,-24,56,-4,51,3
1,0,-1,-58,-41,-86,-111,-89,-169,-98,-209,-26,-130,-12,-154,-22,-126,-29,-111,14,-109,16,-130,-4,-95,-11,-83,45,-84,45,-101,25,-73,19,-64,71,-60,71,-68,56,-48,51,-41
1,0,15,-58,-25,-86,-95,-89,-153,-98,-193,-26,-114,-12,-138,-22,-110,-29,-95,14,-93,16,-114,-4,-79,-11,-67,45,-68,45,-85,25,-57,19,-48,71,-44,71,-52,56,-32,51,-25
1,0,51,-58,11,-86,-59,-89,-117,-98,-157,-26,-78,-12,-102,-22,-74,-29,-59,14,-57,16,-78,-4,-43,-11,-31,45,-32,45,-49,25,-21,19,-12,71,-8,71,-16,56,4,51,11
1,0,50,-58,10,-86,-60,-89,-118,-98,-158,-26,-79,-12,-103,-22,-75,-29,-60,14,-58,16,-79,-4,-44,-11,-32,45,-33,45,-50,25,-22,19,-13,71,-9,71,-17,56,3,51,10
1,0,28,-58,-12,-86,-82,-89,-140,-98,-180,-26,-101,-12,-125,-22,-97,-29,-82,14,-80,16,-101,-4,-66,-11,-54,45,-55,45,-72,25,-44,19,-35,71,-31,71,-39,56,-19,51,-12
1,0,-18,-58,-58,-86,-128,-89,-186,-98,-226,-26,-147,-12,-171,-22,-143,-29,-128,14,-126,16,-147,-4,-112,-11,-100,45,-101,45,-118,25,-90,19,-81,71,-77,71,-85,56,-65,51,-58
1,0,29,-58,-11,-86,-81,-89,-139,-98,-179,-26,-100,-12,-124,-22,-96,-29,-81,14,-79,16,-100,-4,-65,-11,-53,45,-54,45,-71,25,-43,19,-34,71,-30,71,-38,56,-18,51,-11
1,0,6,-58,-34,-86,-104,-89,-162,-98,-202,-26,-123,-12,-147,-22,-119,-29,-104,14,-102,16,-123,-4,-88,-11,-76,45,-77,45,-94,25,-66,19,-57,71,-53,71,-61,56,-41,51,-34
1,0,-41,-58,-81,-86,-151,-89,-209,-98,-249,-26,-170,-12,-194,-22,-166,-29,-151,14,-149,16,-170,-4,-135,-11,-123,45,-124,45,-141,25,-113,19,-104,71,-100,71,-108,56,-88,51,-81
1,0,-77,-58,-117,-86,-187,-89,-245,-98,-285,-26,-206,-12,-230,-22,-202,-29,-187,14,-185,16,-206,-4,-171,-11,-159,45,-160,45,-177,25,-149,19,-140,71,-136,71,-144,56,-124,51,-117
1,0,-64,-58,-104,-86,-174,-89,-232,-98,-272,-26,-193,-12,-217,-22,-189,-29,-174,14,-172,16,-193,-4,-158,-11,-146,45,-147,45,-164,25,-136,19,-127,71,-123,71,-131,56,-111,51,-104
1,0,-58,-58,-98,-86,-168,-89,-226,-98,-266,-26,-187,-12,-211,-22,-183,-29,-168,14,-166,16,-187,-4,-152,-11,-140,45,-141,45,-158,25,-130,19,-121,71,-117,71,-125,56,-105,51,-98
1,0,-17,-58,-57,-86,-127,-89,-185,-98,-225,-26,-146,-12,-170,-22,-142,-29,-127,14,-125,16,-146,-4,-111,-11,-99,45,-100,45,-117,25,-89,19,-80,71,-76,71,-84,56,-64,51,-57
1,0,-51,-58,-91,-86,-161,-89,-219,-98,-259,-26,-180,-12,-204,-22,-176,-29,-161,14,-159,16,-180,-4,-145,-11,-133,45,-134,45,-151,25,-123,19,-114,71,-110,71,-118,56,-98,51,-91
1,0,-54,-58,-94,-86,-164,-89,-222,-98,-262,-26,-183,-12,-207,-22,-179,-29,-164,14,-162,16,-183,-4,-148,-11,-136,45,-137,45,-154,25,-126,19,-117,71,-113,71,-121,56,-101,51,-94
1,0,-32,-58,-72,-86,-142,-89,-200,-98,-240,-26,-161,-12,-185,-22,-157,-29,-142,14,-140,16,-161,-4,-126,-11,-114,45,-115,45,-132,25,-104,19,-95,71,-91,71,-99,56,-79,51,-72
1,1,0,-57,-40,-85,-110,-88,-168,-97,-208,-25,-129,-11,-153,-21,-125,-28,-110,15,-108,17,-129,-3,-94,-10,-82,46,-83,46,-100,26,-72,20,-63,72,-59,72,-67,57,-47,52,-40
1,22,0,-36,-40,-64,-110,-67,-168,-76,-208,-4,-129,10,-153,0,-125,-7,-110,36,-108,38,-129,18,-94,11,-82,67,-83,67,-100,47,-72,41,-63,93,-59,93,-67,78,-47,73,-40
1,-13,0,-71,-40,-99,-110,-102,-168,-111,-208,-39,-129,-25,-153,-35,-125,-42,-110,1,-108,3,-129,-17,-94,-24,-82,32,-83,32,-100,12,-72,6,-63,58,-59,58,-67,43,-47,38,-40
1,-45,0,-103,-40,-131,-110,-134,-168,-143,-208,-71,-129,-57,-153,-67,-125,-74,-110,-31,-108,-29,-129,-49,-94,-56,-82,0,-83,0,-100,-20,-72,-26,-63,26,-59,26,-67,11,-47,6,-40
1,-22,0,-80,-40,-108,-110,-111,-168,-120,-208,-48,-129,-34,-153,-44,-125,-51,-110,-8,-108,-6,-129,-26,-94,-33,-82,23,-83,23,-100,3,-72,-3,-63,49,-59,49,-67,34,-47,29,-40
1,-19,0,-77,-40,-105,-110,-108,-168,-117,-208,-45,-129,-31,-153,-41,-125,-48,-110,-5,-108,-3,-129,-23,-94,-30,-82,26,-83,26,-100,6,-72,0,-63,52,-59,52,-67,37,-47,32,-40
1,-29,0,-87,-40,-115,-110,-118,-168,-127,-208,-55,-129,-41,-153,-51,-125,-58,-110,-15,-108,-13,-129,-33,-94,-40,-82,16,-83,16,-100,-4,-72,-10,-63,42,-59,42,-67,27,-47,22,-40
1,-29,0,-87,-40,-115,-110,-118,-168,-127,-208,-55,-129,-41,-153,-51,-125,-58,-110,-15,-108,-13,-129,-33,-94,-40,-82,16,-83,16,-100,-4,-72,-10,-63,42,-59,42,-67,27,-47,22,-40
1,11,0,-47,-40,-75,-110,-78,-168,-87,-208,-15,-129,-1,-153,-11,-125,-18,-110,25,-108,27,-129,7,-94,0,-82,56,-83,56,-100,36,-72,30,-63,82,-59,82,-67,67,-47,62,-40
1,34,0,-24,-40,-52,-110,-55,-168,-64,-208,8,-129,22,-153,12,-125,5,-110,48,-108,50,-129,30,-94,23,-82,79,-83,79,-100,59,-72,53,-63,105,-59,105,-67,90,-47,85,-40
1,0,0,-58,-40,-86,-110,-89,-168,-98,-208,-26,-129,-12,-153,-22,-125,-29,-110,14,-108,16,-129,-4,-94,-11,-82,45,-83,45,-100,25,-72,19,-63,71,-59,71,-67,56,-47,51,-40
1,37,0,-21,-40,-49,-110,-52,-168,-61,-208,11,-129,25,-153,15,-125,8,-110,51,-108,53,-129,33,-94,26,-82,82,-83,82,-100,62,-72,56,-63,108,-59,108,-67,93,-47,88,-40
1,80,0,22,-40,-6,-110,-9,-168,-18,-208,54,-129,68,-153,58,-125,51,-110,94,-108,96,-129,76,-94,69,-82,125,-83,125,-100,105,-72,99,-63,151,-59,151,-67,136,-47,131,-40
1,119,0,61,-40,33,-110,30,-168,21,-208,93,-129,107,-153,97,-125,90,-110,133,-108,135,-129,115,-94,108,-82,164,-83,164,-100,144,-72,138,-63,190,-59,190,-67,175,-47,170,-40
1,163,0,105,-40,77,-110,74,-168,65,-208,137,-129,151,-153,141,-125,134,-110,177,-108,179,-129,159,-94,152,-82,208,-83,208,-100,188,-72,182,-63,234,-59,234,-67,219,-47,214,-40
1,144,0,86,-40,58,-110,55,-168,46,-208,118,-129,132,-153,122,-125,115,-110,158,-108,160,-129,140,-94,133,-82,189,-83,189,-100,169,-72,163,-63,215,-59,215,-67,200,-47,195,-40
1,174,0,116,-40,88,-110,85,-168,76,-208,148,-129,162,-153,152,-125,145,-110,188,-108,190,-129,170,-94,163,-82,219,-83,219,-100,199,-72,193,-63,245,-59,245,-67,230,-47,225,-40
1,129,0,71,-40,43,-110,40,-168,31,-208,103,-129,117,-153,107,-125,100,-110,143,-108,145,-129,125,-94,118,-82,174,-83,174,-100,154,-72,148,-63,200,-59,200,-67,185,-47,180,-40
1,127,0,69,-40,41,-110,38,-168,29,-208,101,-129,115,-153,105,-125,98,-110,141,-108,143,-129,123,-94,116,-82,172,-83,172,-100,152,-72,146,-63,198,-59,198,-67,183,-47,178,-40
1,86,0,28,-40,0,-110,-3,-168,-12,-208,60,-129,74,-153,64,-125,57,-110,100,-108,102,-129,82,-94,75,-82,131,-83,131,-100,111,-72,105,-63,157,-59,157,-67,142,-47,137,-40
1,-27,-27,-85,-67,-113,-137,-116,-195,-125,-235,-53,-156,-39,-180,-49,-152,-56,-137,-13,-135,-11,-156,-31,-121,-38,-109,18,-110,18,-127,-2,-99,-8,-90,44,-86,44,-94,29,-74,24,-67
1,-75,-75,-133,-115,-161,-185,-164,-243,-173,-283,-101,-204,-87,-228,-97,-200,-104,-185,-61,-183,-59,-204,-79,-169,-86,-157,-30,-158,-30,-175,-50,-147,-56,-138,-4,-134,-4,-142,-19,-122,-24,-115
1,-26,-26,-84,-66,-112,-136,-115,-194,-124,-234,-52,-155,-38,-179,-48,-151,-55,-136,-12,-134,-10,-155,-30,-120,-37,-108,19,-109,19,-126,-1,-98,-7,-89,45,-85,45,-93,30,-73,25,-66
1,-32,-32,-90,-72,-118,-142,-121,-200,-130,-240,-58,-161,-44,-185,-54,-157,-61,-142,-18,-140,-16,-161,-36,-126,-43,-114,13,-115,13,-132,-7,-104,-13,-95,39,-91,39,-99,24,-79,19,-72
1,13,13,-45,-27,-73,-97,-76,-155,-85,-195,-13,-116,1,-140,-9,-112,-16,-97,27,-95,29,-116,9,-81,2,-69,58,-70,58,-87,38,-59,32,-50,84,-46,84,-54,69,-34,64,-27
1,-23,-23,-81,-63,-109,-133,-112,-191,-121,-231,-49,-152,-35,-176,-45,-148,-52,-133,-9,-131,-7,-152,-27,-117,-34,-105,22,-106,22,-123,2,-95,-4,-86,48,-82,48,-90,33,-70,28,-63
1,-64,-64,-122,-104,-150,-174,-153,-232,-162,-272,-90,-193,-76,-217,-86,-189,-93,-174,-50,-172,-48,-193,-68,-158,-75,-146,-19,-147,-19,-164,-39,-136,-45,-127,7,-123,7,-131,-8,-111,-13,-104
1,-114,-114,-172,-154,-200,-224,-203,-282,-212,-322,-140,-243,-126,-267,-136,-239,-143,-224,-100,-222,-98,-243,-118,-208,-125,-196,-69,-197,-69,-214,-89,-186,-95,-177,-43,-173,-43,-181,-58,-161,-63,-154
1,-155,-155,-213,-195,-241,-265,-244,-323,-253,-363,-181,-284,-167,-308,-177,-280,-184,-265,-141,-263,-139,-284,-159,-249,-166,-237,-110,-238,-110,-255,-130,-227,-136,-218,-84,-214,-84,-222,-99,-202,-104,-195
1,-203,-203,-261,-243,-289,-313,-292,-371,-301,-411,-229,-332,-215,-356,-225,-328,-232,-313,-189,-311,-187,-332,-207,-297,-214,-285,-158,-286,-158,-303,-178,-275,-184,-266,-132,-262,-132,-270,-147,-250,-152,-243
1,7,7,-51,-33,-79,-103,-82,-161,-91,-201,-19,-122,-5,-146,-15,-118,-22,-103,21,-101,23,-122,3,-87,-4,-75,52,-76,52,-93,32,-65,26,-56,78,-52,78,-60,63,-40,58,-33
1,14,14,-44,-26,-72,-96,-75,-154,-84,-194,-12,-115,2,-139,-8,-111,-15,-96,28,-94,30,-115,10,-80,3,-68,59,-69,59,-86,39,-58,33,-49,85,-45,85,-53,70,-33,65,-26
1,44,44,-14,4,-42,-66,-45,-124,-54,-164,18,-85,32,-109,22,-81,15,-66,58,-64,60,-85,40,-50,33,-38,89,-39,89,-56,69,-28,63,-19,115,-15,115,-23,100,-3,95,4
1,44,44,-14,4,-42,-66,-45,-124,-54,-164,18,-85,32,-109,22,-81,15,-66,58,-64,60,-85,40,-50,33,-38,89,-39,89,-56,69,-28,63,-19,115,-15,115,-23,100,-3,95,4
1,22,22,-36,-18,-64,-88,-67,-146,-76,-186,-4,-107,10,-131,0,-103,-7,-88,36,-86,38,-107,18,-72,11,-60,67,-61,67,-78,47,-50,41,-41,93,-37,93,-45,78,-25,73,-18
1,67,67,9,27,-19,-43,-22,-101,-31,-141,41,-62,55,-86,45,-58,38,-43,81,-41,83,-62,63,-27,56,-15,112,-16,112,-33,92,-5,86,4,138,8,138,0,123,20,118,27
1,69,69,11,29,-17,-41,-20,-99,-29,-139,43,-60,57,-84,47,-56,40,-41,83,-39,85,-60,65,-25,58,-13,114,-14,114,-31,94,-3,88,6,140,10,140,2,125,22,120,29
1,38,38,-20,-2,-48,-72,-51,-130,-60,-170,12,-91,26,-115,16,-87,9,-72,52,-70,54,-91,34,-56,27,-44,83,-45,83,-62,63,-34,57,-25,109,-21,109,-29,94,-9,89,-2
1,21,21,-37,-19,-65,-89,-68,-147,-77,-187,-5,-108,9,-132,-1,-104,-8,-89,35,-87,37,-108,17,-73,10,-61,66,-62,66,-79,46,-51,40,-42,92,-38,92,-46,77,-26,72,-19
1,60,60,2,20,-26,-50,-29,-108,-38,-148,34,-69,48,-93,38,-65,31,-50,74,-48,76,-69,56,-34,49,-22,105,-23,105,-40,85,-12,79,-3,131,1,131,-7,116,13,111,20
1,0,37,51,-17,62,-101,54,-174,64,-227,45,-112,-21,-190,-27,-172,-12,-145,6,-92,-62,-173,-62,-153,-46,-128,-38,-68,-97,-143,-93,-122,-75,-94,-81,-39,-122,-100,-114,-82,-96,-56
1,0,13,51,-41,62,-125,54,-198,64,-251,45,-136,-21,-214,-27,-196,-12,-169,6,-116,-62,-197,-62,-177,-46,-152,-38,-92,-97,-167,-93,-146,-75,-118,-81,-63,-122,-124,-114,-106,-96,-80
1,0,17,51,-37,62,-121,54,-194,64,-247,45,-132,-21,-210,-27,-192,-12,-165,6,-112,-62,-193,-62,-173,-46,-148,-38,-88,-97,-163,-93,-142,-75,-114,-81,-59,-122,-120,-114,-102,-96,-76
1,0,27,51,-27,62,-111,54,-184,64,-237,45,-122,-21,-200,-27,-182,-12,-155,6,-102,-62,-183,-62,-163,-46,-138,-38,-78,-97,-153,-93,-132,-75,-104,-81,-49,-122,-110,-114,-92,-96,-66
1,0,75,51,21,62,-63,54,-136,64,-189,45,-74,-21,-152,-27,-134,-12,-107,6,-54,-62,-135,-62,-115,-46,-90,-38,-30,-97,-105,-93,-84,-75,-56,-81,-1,-122,-62,-114,-44,-96,-18
1,0,104,51,50,62,-34,54,-107,64,-160,45,-45,-21,-123,-27,-105,-12,-78,6,-25,-62,-106,-62,-86,-46,-61,-38,-1,-97,-76,-93,-55,-75,-27,-81,28,-122,-33,-114,-15,-96,11
1,0,65,51,11,62,-73,54,-146,64,-199,45,-84,-21,-162,-27,-144,-12,-117,6,-64,-62,-145,-62,-125,-46,-100,-38,-40,-97,-115,-93,-94,-75,-66,-81,-11,-122,-72,-114,-54,-96,-28
1,0,113,51,59,62,-25,54,-98,64,-151,45,-36,-21,-114,-27,-96,-12,-69,6,-16,-62,-97,-62,-77,-46,-52,-38,8,-97,-67,-93,-46,-75,-18,-81,37,-122,-24,-114,-6,-96,20
1,0,145,51,91,62,7,54,-66,64,-119,45,-4,-21,-82,-27,-64,-12,-37,6,16,-62,-65,-62,-45,-46,-20,-38,40,-97,-35,-93,-14,-75,14,-81,69,-122,8,-114,26,-96,52
1,0,125,51,71,62,-13,54,-86,64,-139,45,-24,-21,-102,-27,-84,-12,-57,6,-4,-62,-85,-62,-65,-46,-40,-38,20,-97,-55,-93,-34,-75,-6,-81,49,-122,-12,-114,6,-96,32
1,0,-50,51,-104,62,-188,54,-261,64,-314,45,-199,-21,-277,-27,-259,-12,-232,6,-179,-62,-260,-62,-240,-46,-215,-38,-155,-97,-230,-93,-209,-75,-181,-81,-126,-122,-187,-114,-169,-96,-143
1,0,-59,51,-113,62,-197,54,-270,64,-323,45,-208,-21,-286,-27,-268,-12,-241,6,-188,-62,-269,-62,-249,-46,-224,-38,-164,-97,-239,-93,-218,-75,-190,-81,-135,-122,-196,-114,-178,-96,-152
1,0,-104,51,-158,62,-242,54,-315,64,-368,45,-253,-21,-331,-27,-313,-12,-286,6,-233,-62,-314,-62,-294,-46,-269,-38,-209,-97,-284,-93,-263,-75,-235,-81,-180,-122,-241,-114,-223,-96,-197
1,0,-128,51,-182,62,-266,54,-339,64,-392,45,-277,-21,-355,-27,-337,-12,-310,6,-257,-62,-338,-62,-318,-46,-293,-38,-233,-97,-308,-93,-287,-75,-259,-81,-204,-122,-265,-114,-247,-96,-221
1,0,-151,51,-205,62,-289,54,-362,64,-415,45,-300,-21,-378,-27,-360,-12,-333,6,-280,-62,-361,-62,-341,-46,-316,-38,-256,-97,-331,-93,-310,-75,-282,-81,-227,-122,-288,-114,-270,-96,-244
1,0,-118,51,-172,62,-256,54,-329,64,-382,45,-267,-21,-345,-27,-327,-12,-300,6,-247,-62,-328,-62,-308,-46,-283,-38,-223,-97,-298,-93,-277,-75,-249,-81,-194,-122,-255,-114,-237,-96,-211
1,0,-152,51,-206,62,-290,54,-363,64,-416,45,-301,-21,-379,-27,-361,-12,-334,6,-281,-62,-362,-62,-342,-46,-317,-38,-257,-97,-332,-93,-311,-75,-283,-81,-228,-122,-289,-114,-271,-96,-245
1,0,-126,51,-180,62,-264,54,-337,64,-390,45,-275,-21,-353,-27,-335,-12,-308,6,-255,-62,-336,-62,-316,-46,-291,-38,-231,-97,-306,-93,-285,-75,-257,-81,-202,-122,-263,-114,-245,-96,-219
1,0,-85,51,-139,62,-223,54,-296,64,-349,45,-234,-21,-312,-27,-294,-12,-267,6,-214,-62,-295,-62,-275,-46,-250,-38,-190,-97,-265,-93,-244,-75,-216,-81,-161,-122,-222,-114,-204,-96,-178
1,0,-116,51,-170,62,-254,54,-327,64,-380,45,-265,-21,-343,-27,-325,-12,-298,6,-245,-62,-326,-62,-306,-46,-281,-38,-221,-97,-296,-93,-275,-75,-247,-81,-192,-122,-253,-114,-235,-96,-209
1,42,0,93,-54,104,-138,96,-211,106,-264,87,-149,21,-227,15,-209,30,-182,48,-129,-20,-210,-20,-190,-4,-165,4,-105,-55,-180,-51,-159,-33,-131,-39,-76,-80,-137,-72,-119,-54,-93
1,11,0,62,-54,73,-138,65,-211,75,-264,56,-149,-10,-227,-16,-209,-1,-182,17,-129,-51,-210,-51,-190,-35,-165,-27,-105,-86,-180,-82,-159,-64,-131,-70,-76,-111,-137,-103,-119,-85,-93
1,-20,0,31,-54,42,-138,34,-211,44,-264,25,-149,-41,-227,-47,-209,-32,-182,-14,-129,-82,-210,-82,-190,-66,-165,-58,-105,-117,-180,-113,-159,-95,-131,-101,-76,-142,-137,-134,-119,-116,-93
1,-40,0,11,-54,22,-138,14,-211,24,-264,5,-149,-61,-227,-67,-209,-52,-182,-34,-129,-102,-210,-102,-190,-86,-165,-78,-105,-137,-180,-133,-159,-115,-131,-121,-76,-162,-137,-154,-119,-136,-93
1,-1,0,50,-54,61,-138,53,-211,63,-264,44,-149,-22,-227,-28,-209,-13,-182,5,-129,-63,-210,-63,-190,-47,-165,-39,-105,-98,-180,-94,-159,-76,-131,-82,-76,-123,-137,-115,-119,-97,-93
1,-44,0,7,-54,18,-138,10,-211,20,-264,1,-149,-65,-227,-71,-209,-56,-182,-38,-129,-106,-210,-106,-190,-90,-165,-82,-105,-141,-180,-137,-159,-119,-131,-125,-76,-166,-137,-158,-119,-140,-93
1,-78,0,-27,-54,-16,-138,-24,-211,-14,-264,-33,-149,-99,-227,-105,-209,-90,-182,-72,-129,-140,-210,-140,-190,-124,-165,-116,-105,-175,-180,-171,-159,-153,-131,-159,-76,-200,-137,-192,-119,-174,-93
1,-42,0,9,-54,20,-138,12,-211,22,-264,3,-149,-63,-227,-69,-209,-54,-182,-36,-129,-104,-210,-104,-190,-88,-165,-80,-105,-139,-180,-135,-159,-117,-131,-123,-76,-164,-137,-156,-119,-138,-93
1,-8,0,43,-54,54,-138,46,-211,56,-264,37,-149,-29,-227,-35,-209,-20,-182,-2,-129,-70,-210,-70,-190,-54,-165,-46,-105,-105,-180,-101,-159,-83,-131,-89,-76,-130,-137,-122,-119,-104,-93
1,-15,0,36,-54,47,-138,39,-211,49,-264,30,-149,-36,-227,-42,-209,-27,-182,-9,-129,-77,-210,-77,-190,-61,-165,-53,-105,-112,-180,-108,-159,-90,-131,-96,-76,-137,-137,-129,-119,-111,-93
1,-1,0,50,-54,61,-138,53,-211,63,-264,44,-149,-22,-227,-28,-209,-13,-182,5,-129,-63,-210,-63,-190,-47,-165,-39,-105,-98,-180,-94,-159,-76,-131,-82,-76,-123,-137,-115,-119,-97,-93
1,32,0,83,-54,94,-138,86,-211,96,-264,77,-149,11,-227,5,-209,20,-182,38,-129,-30,-210,-30,-190,-14,-165,-6,-105,-65,-180,-61,-159,-43,-131,-49,-76,-90,-137,-82,-119,-64,-93
1,18,0,69,-54,80,-138,72,-211,82,-264,63,-149,-3,-227,-9,-209,6,-182,24,-129,-44,-210,-44,-190,-28,-165,-20,-105,-79,-180,-75,-159,-57,-131,-63,-76,-104,-137,-96,-119,-78,-93
1,-25,0,26,-54,37,-138,29,-211,39,-264,20,-149,-46,-227,-52,-209,-37,-182,-19,-129,-87,-210,-87,-190,-71,-165,-63,-105,-122,-180,-118,-159,-100,-131,-106,-76,-147,-137,-139,-119,-121,-93
1,1,0,52,-54,63,-138,55,-211,65,-264,46,-149,-20,-227,-26,-209,-11,-182,7,-129,-61,-210,-61,-190,-45,-165,-37,-105,-96,-180,-92,-159,-74,-131,-80,-76,-121,-137,-113,-119,-95,-93
1,17,0,68,-54,79,-138,71,-211,81,-264,62,-149,-4,-227,-10,-209,5,-182,23,-129,-45,-210,-45,-190,-29,-165,-21,-105,-80,-180,-76,-159,-58,-131,-64,-76,-105,-137,-97,-119,-79,-93
1,-16,0,35,-54,46,-138,38,-211,48,-264,29,-149,-37,-227,-43,-209,-28,-182,-10,-129,-78,-210,-78,-190,-62,-165,-54,-105,-113,-180,-109,-159,-91,-131,-97,-76,-138,-137,-130,-119,-112,-93
1,-20,0,31,-54,42,-138,34,-211,44,-264,25,-149,-41,-227,-47,-209,-32,-182,-14,-129,-82,-210,-82,-190,-66,-165,-58,-105,-117,-180,-113,-159,-95,-131,-101,-76,-142,-137,-134,-119,-116,-93
1,8,0,59,-54,70,-138,62,-211,72,-264,53,-149,-13,-227,-19,-209,-4,-182,14,-129,-54,-210,-54,-190,-38,-165,-30,-105,-89,-180,-85,-159,-67,-131,-73,-76,-114,-137,-106,-119,-88,-93
1,-12,0,39,-54,50,-138,42,-211,52,-264,33,-149,-33,-227,-39,-209,-24,-182,-6,-129,-74,-210,-74,-190,-58,-165,-50,-105,-109,-180,-105,-159,-87,-131,-93,-76,-134,-137,-126,-119,-108,-93
1,28,28,79,-26,90,-110,82,-183,92,-236,73,-121,7,-199,1,-181,16,-154,34,-101,-34,-182,-34,-162,-18,-137,-10,-77,-69,-152,-65,-131,-47,-103,-53,-48,-94,-109,-86,-91,-68,-65
1,51,51,102,-3,113,-87,105,-160,115,-213,96,-98,30,-176,24,-158,39,-131,57,-78,-11,-159,-11,-139,5,-114,13,-54,-46,-129,-42,-108,-24,-80,-30,-25,-71,-86,-63,-68,-45,-42
1,53,53,104,-1,115,-85,107,-158,117,-211,98,-96,32,-174,26,-156,41,-129,59,-76,-9,-157,-9,-137,7,-112,15,-52,-44,-127,-40,-106,-22,-78,-28,-23,-69,-84,-61,-66,-43,-40
1,16,16,67,-38,78,-122,70,-195,80,-248,61,-133,-5,-211,-11,-193,4,-166,22,-113,-46,-194,-46,-174,-30,-149,-22,-89,-81,-164,-77,-143,-59,-115,-65,-60,-106,-121,-98,-103,-80,-77
1,56,56,107,2,118,-82,110,-155,120,-208,101,-93,35,-171,29,-153,44,-126,62,-73,-6,-154,-6,-134,10,-109,18,-49,-41,-124,-37,-103,-19,-75,-25,-20,-66,-81,-58,-63,-40,-37
1,81,81,132,27,143,-57,135,-130,145,-183,126,-68,60,-146,54,-128,69,-101,87,-48,19,-129,19,-109,35,-84,43,-24,-16,-99,-12,-78,6,-50,0,5,-41,-56,-33,-38,-15,-12
1,127,127,178,73,189,-11,181,-84,191,-137,172,-22,106,-100,100,-82,115,-55,133,-2,65,-83,65,-63,81,-38,89,22,30,-53,34,-32,52,-4,46,51,5,-10,13,8,31,34
1,176,176,227,122,238,38,230,-35,240,-88,221,27,155,-51,149,-33,164,-6,182,47,114,-34,114,-14,130,11,138,71,79,-4,83,17,101,45,95,100,54,39,62,57,80,83
1,164,164,215,110,226,26,218,-47,228,-100,209,15,143,-63,137,-45,152,-18,170,35,102,-46,102,-26,118,-1,126,59,67,-16,71,5,89,33,83,88,42,27,50,45,68,71
1,198,198,249,144,260,60,252,-13,262,-66,243,49,177,-29,171,-11,186,16,204,69,136,-12,136,8,152,33,160,93,101,18,105,39,123,67,117,122,76,61,84,79,102,105
1,38,38,89,-16,100,-100,92,-173,102,-226,83,-111,17,-189,11,-171,26,-144,44,-91,-24,-172,-24,-152,-8,-127,0,-67,-59,-142,-55,-121,-37,-93,-43,-38,-84,-99,-76,-81,-58,-55
1,76,76,127,22,138,-62,130,-135,140,-188,121,-73,55,-151,49,-133,64,-106,82,-53,14,-134,14,-114,30,-89,38,-29,-21,-104,-17,-83,1,-55,-5,0,-46,-61,-38,-43,-20,-17
1,113,113,164,59,175,-25,167,-98,177,-151,158,-36,92,-114,86,-96,101,-69,119,-16,51,-97,51,-77,67,-52,75,8,16,-67,20,-46,38,-18,32,37,-9,-24,-1,-6,17,20
1,64,64,115,10,126,-74,118,-147,128,-200,109,-85,43,-163,37,-145,52,-118,70,-65,2,-146,2,-126,18,-101,26,-41,-33,-116,-29,-95,-11,-67,-17,-12,-58,-73,-50,-55,-32,-29
1,109,109,160,55,171,-29,163,-102,173,-155,154,-40,88,-118,82,-100,97,-73,115,-20,47,-101,47,-81,63,-56,71,4,12,-71,16,-50,34,-22,28,33,-13,-28,-5,-10,13,16
1,148,148,199,94,210,10,202,-63,212,-116,193,-1,127,-79,121,-61,136,-34,154,19,86,-62,86,-42,102,-17,110,43,51,-32,55,-11,73,17,67,72,26,11,34,29,52,55
1,148,148,199,94,210,10,202,-63,212,-116,193,-1,127,-79,121,-61,136,-34,154,19,86,-62,86,-42,102,-17,110,43,51,-32,55,-11,73,17,67,72,26,11,34,29,52,55
1,111,111,162,57,173,-27,165,-100,175,-153,156,-38,90,-116,84,-98,99,-71,117,-18,49,-99,49,-79,65,-54,73,6,14,-69,18,-48,36,-20,30,35,-11,-26,-3,-8,15,18
1,88,88,139,34,150,-50,142,-123,152,-176,133,-61,67,-139,61,-121,76,-94,94,-41,26,-122,26,-102,42,-77,50,-17,-9,-92,-5,-71,13,-43,7,12,-34,-49,-26,-31,-8,-5
1,47,47,98,-7,109,-91,101,-164,111,-217,92,-102,26,-180,20,-162,35,-135,53,-82,-15,-163,-15,-143,1,-118,9,-58,-50,-133,-46,-112,-28,-84,-34,-29,-75,-90,-67,-72,-49,-46
2,0,39,-48,27,-73,-22,-65,-67,-54,-100,-55,-81,-70,-129,-78,-163,-84,-191,-18,-88,-12,-147,-13,-185,-15,-208,16,-79,32,-130,20,-118,8,-94,46,-60,55,-89,41,-78,27,-57
2,0,-6,-48,-18,-73,-67,-65,-112,-54,-145,-55,-126,-70,-174,-78,-208,-84,-236,-18,-133,-12,-192,-13,-230,-15,-253,16,-124,32,-175,20,-163,8,-139,46,-105,55,-134,41,-123,27,-102
2,0,-51,-48,-63,-73,-112,-65,-157,-54,-190,-55,-171,-70,-219,-78,-253,-84,-281,-18,-178,-12,-237,-13,-275,-15,-298,16,-169,32,-220,20,-208,8,-184,46,-150,55,-179,41,-168,27,-147
2,0,-101,-48,-113,-73,-162,-65,-207,-54,-240,-55,-221,-70,-269,-78,-303,-84,-331,-18,-228,-12,-287,-13,-325,-15,-348,16,-219,32,-270,20,-258,8,-234,46,-200,55,-229,41,-218,27,-197
2,0,-96,-48,-108,-73,-157,-65,-202,-54,-235,-55,-216,-70,-264,-78,-298,-84,-326,-18,-223,-12,-282,-13,-320,-15,-343,16,-214,32,-265,20,-253,8,-229,46,-195,55,-224,41,-213,27,-192
2,0,-76,-48,-88,-73,-137,-65,-182,-54,-215,-55,-196,-70,-244,-78,-278,-84,-306,-18,-203,-12,-262,-13,-300,-15,-323,16,-194,32,-245,20,-233,8,-209,46,-175,55,-204,41,-193,27,-172
2,0,-64,-48,-76,-73,-125,-65,-170,-54,-203,-55,-184,-70,-232,-78,-266,-84,-294,-18,-191,-12,-250,-13,-288,-15,-311,16,-182,32,-233,20,-221,8,-197,46,-163,55,-192,41,-181,27,-160
2,0,-59,-48,-71,-73,-120,-65,-165,-54,-198,-55,-179,-70,-227,-78,-261,-84,-289,-18,-186,-12,-245,-13,-283,-15,-306,16,-177,32,-228,20,-216,8,-192,46,-158,55,-187,41,-176,27,-155
2,0,-60,-48,-72,-73,-121,-65,-166,-54,-199,-55,-180,-70,-228,-78,-262,-84,-290,-18,-187,-12,-246,-13,-284,-15,-307,16,-178,32,-229,20,-217,8,-193,46,-159,55,-188,41,-177,27,-156
2,0,-38,-48,-50,-73,-99,-65,-144,-54,-177,-55,-158,-70,-206,-78,-240,-84,-268,-18,-165,-12,-224,-13,-262,-15,-285,16,-156,32,-207,20,-195,8,-171,46,-137,55,-166,41,-155,27,-134
2,0,31,-48,19,-73,-30,-65,-75,-54,-108,-55,-89,-70,-137,-78,-171,-84,-199,-18,-96,-12,-155,-13,-193,-15,-216,16,-87,32,-138,20,-126,8,-102,46,-68,55,-97,41,-86,27,-65
2,0,34,-48,22,-73,-27,-65,-72,-54,-105,-55,-86,-70,-134,-78,-168,-84,-196,-18,-93,-12,-152,-13,-190,-15,-213,16,-84,32,-135,20,-123,8,-99,46,-65,55,-94,41,-83,27,-62
2,0,10,-48,-2,-73,-51,-65,-96,-54,-129,-55,-110,-70,-158,-78,-192,-84,-220,-18,-117,-12,-176,-13,-214,-15,-237,16,-108,32,-159,20,-147,8,-123,46,-89,55,-118,41,-107,27,-86
2,0,50,-48,38,-73,-11,-65,-56,-54,-89,-55,-70,-70,-118,-78,-152,-84,-180,-18,-77,-12,-136,-13,-174,-15,-197,16,-68,32,-119,20,-107,8,-83,46,-49,55,-78,41,-67,27,-46
2,0,95,-48,83,-73,34,-65,-11,-54,-44,-55,-25,-70,-73,-78,-107,-84,-135,-18,-32,-12,-91,-13,-129,-15,-152,16,-23,32,-74,20,-62,8,-38,46,-4,55,-33,41,-22,27,-1
2,0,75,-48,63,-73,14,-65,-31,-54,-64,-55,-45,-70,-93,-78,-127,-84,-155,-18,-52,-12,-111,-13,-149,-15,-172,16,-43,32,-94,20,-82,8,-58,46,-24,55,-53,41,-42,27,-21
2,0,85,-48,73,-73,24,-65,-21,-54,-54,-55,-35,-70,-83,-78,-117,-84,-145,-18,-42,-12,-101,-13,-139,-15,-162,16,-33,32,-84,20,-72,8,-48,46,-14,55,-43,41,-32,27,-11
2,0,80,-48,68,-73,19,-65,-26,-54,-59,-55,-40,-70,-88,-78,-122,-84,-150,-18,-47,-12,-106,-13,-144,-15,-167,16,-38,32,-89,20,-77,8,-53,46,-19,55,-48,41,-37,27,-16
2,0,120,-48,108,-73,59,-65,14,-54,-19,-55,0,-70,-48,-78,-82,-84,-110,-18,-7,-12,-66,-13,-104,-15,-127,16,2,32,-49,20,-37,8,-13,46,21,55,-8,41,3,27,24
2,0,125,-48,113,-73,64,-65,19,-54,-14,-55,5,-70,-43,-78,-77,-84,-105,-18,-2,-12,-61,-13,-99,-15,-122,16,7,32,-44,20,-32,8,-8,46,26,55,-3,41,8,27,29
2,-38,0,-86,-12,-111,-61,-103,-106,-92,-139,-93,-120,-108,-168,-116,-202,-122,-230,-56,-127,-50,-186,-51,-224,-53,-247,-22,-118,-6,-169,-18,-157,-30,-133,8,-99,17,-128,3,-117,-11,-96
2,-87,0,-135,-12,-160,-61,-152,-106,-141,-139,-142,-120,-157,-168,-165,-202,-171,-230,-105,-127,-99,-186,-100,-224,-102,-247,-71,-118,-55,-169,-67,-157,-79,-133,-41,-99,-32,-128,-46,-117,-60,-96
2,-133,0,-181,-12,-206,-61,-198,-106,-187,-139,-188,-120,-203,-168,-211,-202,-217,-230,-151,-127,-145,-186,-146,-224,-148,-247,-117,-118,-101,-169,-113,-157,-125,-133,-87,-99,-78,-128,-92,-117,-106,-96
2,-135,0,-183,-12,-208,-61,-200,-106,-189,-139,-190,-120,-205,-168,-213,-202,-219,-230,-153,-127,-147,-186,-148,-224,-150,-247,-119,-118,-103,-169,-115,-157,-127,-133,-89,-99,-80,-128,-94,-117,-108,-96
2,-156,0,-204,-12,-229,-61,-221,-106,-210,-139,-211,-120,-226,-168,-234,-202,-240,-230,-174,-127,-168,-186,-169,-224,-171,-247,-140,-118,-124,-169,-136,-157,-148,-133,-110,-99,-101,-128,-115,-117,-129,-96
2,-194,0,-242,-12,-267,-61,-259,-106,-248,-139,-249,-120,-264,-168,-272,-202,-278,-230,-212,-127,-206,-186,-207,-224,-209,-247,-178,-118,-162,-169,-174,-157,-186,-133,-148,-99,-139,-128,-153,-117,-167,-96
2,-166,0,-214,-12,-239,-61,-231,-106,-220,-139,-221,-120,-236,-168,-244,-202,-250,-230,-184,-127,-178,-186,-179,-224,-181,-247,-150,-118,-134,-169,-146,-157,-158,-133,-120,-99,-111,-128,-125,-117,-139,-96
2,-168,0,-216,-12,-241,-61,-233,-106,-222,-139,-223,-120,-238,-168,-246,-202,-252,-230,-186,-127,-180,-186,-181,-224,-183,-247,-152,-118,-136,-169,-148,-157,-160,-133,-122,-99,-113,-128,-127,-117,-141,-96
2,-202,0,-250,-12,-275,-61,-267,-106,-256,-139,-257,-120,-272,-168,-280,-202,-286,-230,-220,-127,-214,-186,-215,-224,-217,-247,-186,-118,-170,-169,-182,-157,-194,-133,-156,-99,-147,-128,-161,-117,-175,-96
2,-241,0,-289,-12,-314,-61,-306,-106,-295,-139,-296,-120,-311,-168,-319,-202,-325,-230,-259,-127,-253,-186,-254,-224,-256,-247,-225,-118,-209,-169,-221,-157,-233,-133,-195,-99,-186,-128,-200,-117,-214,-96
2,-31,0,-79,-12,-104,-61,-96,-106,-85,-139,-86,-120,-101,-168,-109,-202,-115,-230,-49,-127,-43,-186,-44,-224,-46,-247,-15,-118,1,-169,-11,-157,-23,-133,15,-99,24,-128,10,-117,-4,-96
2,-21,0,-69,-12,-94,-61,-86,-106,-75,-139,-76,-120,-91,-168,-99,-202,-105,-230,-39,-127,-33,-186,-34,-224,-36,-247,-5,-118,11,-169,-1,-157,-13,-133,25,-99,34,-128,20,-117,6,-96
2,-63,0,-111,-12,-136,-61,-128,-106,-117,-139,-118,-120,-133,-168,-141,-202,-147,-230,-81,-127,-75,-186,-76,-224,-78,-247,-47,-118,-31,-169,-43,-157,-55,-133,-17,-99,-8,-128,-22,-117,-36,-96
2,-52,0,-100,-12,-125,-61,-117,-106,-106,-139,-107,-120,-122,-168,-130,-202,-136,-230,-70,-127,-64,-186,-65,-224,-67,-247,-36,-118,-20,-169,-32,-157,-44,-133,-6,-99,3,-128,-11,-117,-25,-96
2,-30,0,-78,-12,-103,-61,-95,-106,-84,-139,-85,-120,-100,-168,-108,-202,-114,-230,-48,-127,-42,-186,-43,-224,-45,-247,-14,-118,2,-169,-10,-157,-22,-133,16,-99,25,-128,11,-117,-3,-96
2,-76,0,-124,-12,-149,-61,-141,-106,-130,-139,-131,-120,-146,-168,-154,-202,-160,-230,-94,-127,-88,-186,-89,-224,-91,-247,-60,-118,-44,-169,-56,-157,-68,-133,-30,-99,-21,-128,-35,-117,-49,-96
2,-29,0,-77,-12,-102,-61,-94,-106,-83,-139,-84,-120,-99,-168,-107,-202,-113,-230,-47,-127,-41,-186,-42,-224,-44,-247,-13,-118,3,-169,-9,-157,-21,-133,17,-99,26,-128,12,-117,-2,-96
2,-42,0,-90,-12,-115,-61,-107,-106,-96,-139,-97,-120,-112,-168,-120,-202,-126,-230,-60,-127,-54,-186,-55,-224,-57,-247,-26,-118,-10,-169,-22,-157,-34,-133,4,-99,13,-128,-1,-117,-15,-96
2,-55,0,-103,-12,-128,-61,-120,-106,-109,-139,-110,-120,-125,-168,-133,-202,-139,-230,-73,-127,-67,-186,-68,-224,-70,-247,-39,-118,-23,-169,-35,-157,-47,-133,-9,-99,0,-128,-14,-117,-28,-96
2,-21,0,-69,-12,-94,-61,-86,-106,-75,-139,-76,-120,-91,-168,-99,-202,-105,-230,-39,-127,-33,-186,-34,-224,-36,-247,-5,-118,11,-169,-1,-157,-13,-133,25,-99,34,-128,20,-117,6,-96
2,45,45,-3,33,-28,-16,-20,-61,-9,-94,-10,-75,-25,-123,-33,-157,-39,-185,27,-82,33,-141,32,-179,30,-202,61,-73,77,-124,65,-112,53,-88,91,-54,100,-83,86,-72,72,-51
2,9,9,-39,-3,-64,-52,-56,-97,-45,-130,-46,-111,-61,-159,-69,-193,-75,-221,-9,-118,-3,-177,-4,-215,-6,-238,25,-109,41,-160,29,-148,17,-124,55,-90,64,-119,50,-108,36,-87
2,11,11,-37,-1,-62,-50,-54,-95,-43,-128,-44,-109,-59,-157,-67,-191,-73,-219,-7,-116,-1,-175,-2,-213,-4,-236,27,-107,43,-158,31,-146,19,-122,57,-88,66,-117,52,-106,38,-85
2,24,24,-24,12,-49,-37,-41,-82,-30,-115,-31,-96,-46,-144,-54,-178,-60,-206,6,-103,12,-162,11,-200,9,-223,40,-94,56,-145,44,-133,32,-109,70,-75,79,-104,65,-93,51,-72
2,65,65,17,53,-8,4,0,-41,11,-74,10,-55,-5,-103,-13,-137,-19,-165,47,-62,53,-121,52,-159,50,-182,81,-53,97,-104,85,-92,73,-68,111,-34,120,-63,106,-52,92,-31
2,97,97,49,85,24,36,32,-9,43,-42,42,-23,27,-71,19,-105,13,-133,79,-30,85,-89,84,-127,82,-150,113,-21,129,-72,117,-60,105,-36,143,-2,152,-31,138,-20,124,1
2,86,86,38,74,13,25,21,-20,32,-53,31,-34,16,-82,8,-116,2,-144,68,-41,74,-100,73,-138,71,-161,102,-32,118,-83,106,-71,94,-47,132,-13,141,-42,127,-31,113,-10
2,55,55,7,43,-18,-6,-10,-51,1,-84,0,-65,-15,-113,-23,-147,-29,-175,37,-72,43,-131,42,-169,40,-192,71,-63,87,-114,75,-102,63,-78,101,-44,110,-73,96,-62,82,-41
2,26,26,-22,14,-47,-35,-39,-80,-28,-113,-29,-94,-44,-142,-52,-176,-58,-204,8,-101,14,-160,13,-198,11,-221,42,-92,58,-143,46,-131,34,-107,72,-73,81,-102,67,-91,53,-70
2,26,26,-22,14,-47,-35,-39,-80,-28,-113,-29,-94,-44,-142,-52,-176,-58,-204,8,-101,14,-160,13,-198,11,-221,42,-92,58,-143,46,-131,34,-107,72,-73,81,-102,67,-91,53,-70
2,-25,-25,-73,-37,-98,-86,-90,-131,-79,-164,-80,-145,-95,-193,-103,-227,-109,-255,-43,-152,-37,-211,-38,-249,-40,-272,-9,-143,7,-194,-5,-182,-17,-158,21,-124,30,-153,16,-142,2,-121
2,-15,-15,-63,-27,-88,-76,-80,-121,-69,-154,-70,-135,-85,-183,-93,-217,-99,-245,-33,-142,-27,-201,-28,-239,-30,-262,1,-133,17,-184,5,-172,-7,-148,31,-114,40,-143,26,-132,12,-111
2,5,5,-43,-7,-68,-56,-60,-101,-49,-134,-50,-115,-65,-163,-73,-197,-79,-225,-13,-122,-7,-181,-8,-219,-10,-242,21,-113,37,-164,25,-152,13,-128,51,-94,60,-123,46,-112,32,-91
2,-34,-34,-82,-46,-107,-95,-99,-140,-88,-173,-89,-154,-104,-202,-112,-236,-118,-264,-52,-161,-46,-220,-47,-258,-49,-281,-18,-152,-2,-203,-14,-191,-26,-167,12,-133,21,-162,7,-151,-7,-130
2,4,4,-44,-8,-69,-57,-61,-102,-50,-135,-51,-116,-66,-164,-74,-198,-80,-226,-14,-123,-8,-182,-9,-220,-11,-243,20,-114,36,-165,24,-153,12,-129,50,-95,59,-124,45,-113,31,-92
2,-26,-26,-74,-38,-99,-87,-91,-132,-80,-165,-81,-146,-96,-194,-104,-228,-110,-256,-44,-153,-38,-212,-39,-250,-41,-273,-10,-144,6,-195,-6,-183,-18,-159,20,-125,29,-154,15,-143,1,-122
2,-12,-12,-60,-24,-85,-73,-77,-118,-66,-151,-67,-132,-82,-180,-90,-214,-96,-242,-30,-139,-24,-198,-25,-236,-27,-259,4,-130,20,-181,8,-169,-4,-145,34,-111,43,-140,29,-129,15,-108
2,1,1,-47,-11,-72,-60,-64,-105,-53,-138,-54,-119,-69,-167,-77,-201,-83,-229,-17,-126,-11,-185,-12,-223,-14,-246,17,-117,33,-168,21,-156,9,-132,47,-98,56,-127,42,-116,28,-95
2,20,20,-28,8,-53,-41,-45,-86,-34,-119,-35,-100,-50,-148,-58,-182,-64,-210,2,-107,8,-166,7,-204,5,-227,36,-98,52,-149,40,-137,28,-113,66,-79,75,-108,61,-97,47,-76
2,28,28,-20,16,-45,-33,-37,-78,-26,-111,-27,-92,-42,-140,-50,-174,-56,-202,10,-99,16,-158,15,-196,13,-219,44,-90,60,-141,48,-129,36,-105,74,-71,83,-100,69,-89,55,-68
2,0,-46,71,-62,98,-115,67,-170,35,-214,102,-206,133,-274,155,-323,171,-360,51,-215,60,-296,61,-349,61,-386,5,-205,-11,-263,-10,-241,-3,-210,-39,-183,-50,-220,-41,-199,-28,-166
2,0,-50,71,-66,98,-119,67,-174,35,-218,102,-210,133,-278,155,-327,171,-364,51,-219,60,-300,61,-353,61,-390,5,-209,-11,-267,-10,-245,-3,-214,-39,-187,-50,-224,-41,-203,-28,-170
2,0,-48,71,-64,98,-117,67,-172,35,-216,102,-208,133,-276,155,-325,171,-362,51,-217,60,-298,61,-351,61,-388,5,-207,-11,-265,-10,-243,-3,-212,-39,-185,-50,-222,-41,-201,-28,-168
2,0,-1,71,-17,98,-70,67,-125,35,-169,102,-161,133,-229,155,-278,171,-315,51,-170,60,-251,61,-304,61,-341,5,-160,-11,-218,-10,-196,-3,-165,-39,-138,-50,-175,-41,-154,-28,-121
2,0,-1,71,-17,98,-70,67,-125,35,-169,102,-161,133,-229,155,-278,171,-315,51,-170,60,-251,61,-304,61,-341,5,-160,-11,-218,-10,-196,-3,-165,-39,-138,-50,-175,-41,-154,-28,-121
2,0,10,71,-6,98,-59,67,-114,35,-158,102,-150,133,-218,155,-267,171,-304,51,-159,60,-240,61,-293,61,-330,5,-149,-11,-207,-10,-185,-3,-154,-39,-127,-50,-164,-41,-143,-28,-110
2,0,32,71,16,98,-37,67,-92,35,-136,102,-128,133,-196,155,-245,171,-282,51,-137,60,-218,61,-271,61,-308,5,-127,-11,-185,-10,-163,-3,-132,-39,-105,-50,-142,-41,-121,-28,-88
2,0,-18,71,-34,98,-87,67,-142,35,-186,102,-178,133,-246,155,-295,171,-332,51,-187,60,-268,61,-321,61,-358,5,-177,-11,-235,-10,-213,-3,-182,-39,-155,-50,-192,-41,-171,-28,-138
2,0,-35,71,-51,98,-104,67,-159,35,-203,102,-195,133,-263,155,-312,171,-349,51,-204,60,-285,61,-338,61,-375,5,-194,-11,-252,-10,-230,-3,-199,-39,-172,-50,-209,-41,-188,-28,-155
2,0,14,71,-2,98,-55,67,-110,35,-154,102,-146,133,-214,155,-263,171,-300,51,-155,60,-236,61,-289,61,-326,5,-145,-11,-203,-10,-181,-3,-150,-39,-123,-50,-160,-41,-139,-28,-106
2,0,12,71,-4,98,-57,67,-112,35,-156,102,-148,133,-216,155,-265,171,-302,51,-157,60,-238,61,-291,61,-328,5,-147,-11,-205,-10,-183,-3,-152,-39,-125,-50,-162,-41,-141,-28,-108
2,0,50,71,34,98,-19,67,-74,35,-118,102,-110,133,-178,155,-227,171,-264,51,-119,60,-200,61,-253,61,-290,5,-109,-11,-167,-10,-145,-3,-114,-39,-87,-50,-124,-41,-103,-28,-70
2,0,93,71,77,98,24,67,-31,35,-75,102,-67,133,-135,155,-184,171,-221,51,-76,60,-157,61,-210,61,-247,5,-66,-11,-124,-10,-102,-3,-71,-39,-44,-50,-81,-41,-60,-28,-27
2,0,122,71,106,98,53,67,-2,35,-46,102,-38,133,-106,155,-155,171,-192,51,-47,60,-128,61,-181,61,-218,5,-37,-11,-95,-10,-73,-3,-42,-39,-15,-50,-52,-41,-31,-28,2
2,0,97,71,81,98,28,67,-27,35,-71,102,-63,133,-131,155,-180,171,-217,51,-72,60,-153,61,-206,61,-243,5,-62,-11,-120,-10,-98,-3,-67,-39,-40,-50,-77,-41,-56,-28,-23
2,0,79,71,63,98,10,67,-45,35,-89,102,-81,133,-149,155,-198,171,-235,51,-90,60,-171,61,-224,61,-261,5,-80,-11,-138,-10,-116,-3,-85,-39,-58,-50,-95,-41,-74,-28,-41
2,0,96,71,80,98,27,67,-28,35,-72,102,-64,133,-132,155,-181,171,-218,51,-73,60,-154,61,-207,61,-244,5,-63,-11,-121,-10,-99,-3,-68,-39,-41,-50,-78,-41,-57,-28,-24
2,0,128,71,112,98,59,67,4,35,-40,102,-32,133,-100,155,-149,171,-186,51,-41,60,-122,61,-175,61,-212,5,-31,-11,-89,-10,-67,-3,-36,-39,-9,-50,-46,-41,-25,-28,8
2,0,87,71,71,98,18,67,-37,35,-81,102,-73,133,-141,155,-190,171,-227,51,-82,60,-163,61,-216,61,-253,5,-72,-11,-130,-10,-108,-3,-77,-39,-50,-50,-87,-41,-66,-28,-33
2,0,129,71,113,98,60,67,5,35,-39,102,-31,133,-99,155,-148,171,-185,51,-40,60,-121,61,-174,61,-211,5,-30,-11,-88,-10,-66,-3,-35,-39,-8,-50,-45,-41,-24,-28,9
2,-25,0,46,-16,73,-69,42,-124,10,-168,77,-160,108,-228,130,-277,146,-314,26,-169,35,-250,36,-303,36,-340,-20,-159,-36,-217,-35,-195,-28,-164,-64,-137,-75,-174,-66,-153,-53,-120
2,14,0,85,-16,112,-69,81,-124,49,-168,116,-160,147,-228,169,-277,185,-314,65,-169,74,-250,75,-303,75,-340,19,-159,3,-217,4,-195,11,-164,-25,-137,-36,-174,-27,-153,-14,-120
2,-15,0,56,-16,83,-69,52,-124,20,-168,87,-160,118,-228,140,-277,156,-314,36,-169,45,-250,46,-303,46,-340,-10,-159,-26,-217,-25,-195,-18,-164,-54,-137,-65,-174,-56,-153,-43,-120
2,22,0,93,-16,120,-69,89,-124,57,-168,124,-160,155,-228,177,-277,193,-314,73,-169,82,-250,83,-303,83,-340,27,-159,11,-217,12,-195,19,-164,-17,-137,-28,-174,-19,-153,-6,-120
2,-22,0,49,-16,76,-69,45,-124,13,-168,80,-160,111,-228,133,-277,149,-314,29,-169,38,-250,39,-303,39,-340,-17,-159,-33,-217,-32,-195,-25,-164,-61,-137,-72,-174,-63,-153,-50,-120
2,-1,0,70,-16,97,-69,66,-124,34,-168,101,-160,132,-228,154,-277,170,-314,50,-169,59,-250,60,-303,60,-340,4,-159,-12,-217,-11,-195,-4,-164,-40,-137,-51,-174,-42,-153,-29,-120
2,-1,0,70,-16,97,-69,66,-124,34,-168,101,-160,132,-228,154,-277,170,-314,50,-169,59,-250,60,-303,60,-340,4,-159,-12,-217,-11,-195,-4,-164,-40,-137,-51,-174,-42,-153,-29,-120
2,-9,0,62,-16,89,-69,58,-124,26,-168,93,-160,124,-228,146,-277,162,-314,42,-169,51,-250,52,-303,52,-340,-4,-159,-20,-217,-19,-195,-12,-164,-48,-137,-59,-174,-50,-153,-37,-120
2,5,0,76,-16,103,-69,72,-124,40,-168,107,-160,138,-228,160,-277,176,-314,56,-169,65,-250,66,-303,66,-340,10,-159,-6,-217,-5,-195,2,-164,-34,-137,-45,-174,-36,-153,-23,-120
2,-7,0,64,-16,91,-69,60,-124,28,-168,95,-160,126,-228,148,-277,164,-314,44,-169,53,-250,54,-303,54,-340,-2,-159,-18,-217,-17,-195,-10,-164,-46,-137,-57,-174,-48,-153,-35,-120
2,-30,0,41,-16,68,-69,37,-124,5,-168,72,-160,103,-228,125,-277,141,-314,21,-169,30,-250,31,-303,31,-340,-25,-159,-41,-217,-40,-195,-33,-164,-69,-137,-80,-174,-71,-153,-58,-120
2,-15,0,56,-16,83,-69,52,-124,20,-168,87,-160,118,-228,140,-277,156,-314,36,-169,45,-250,46,-303,46,-340,-10,-159,-26,-217,-25,-195,-18,-164,-54,-137,-65,-174,-56,-153,-43,-120
2,19,0,90,-16,117,-69,86,-124,54,-168,121,-160,152,-228,174,-277,190,-314,70,-169,79,-250,80,-303,80,-340,24,-159,8,-217,9,-195,16,-164,-20,-137,-31,-174,-22,-153,-9,-120
2,51,0,122,-16,149,-69,118,-124,86,-168,153,-160,184,-228,206,-277,222,-314,102,-169,111,-250,112,-303,112,-340,56,-159,40,-217,41,-195,48,-164,12,-137,1,-174,10,-153,23,-120
2,76,0,147,-16,174,-69,143,-124,111,-168,178,-160,209,-228,231,-277,247,-314,127,-169,136,-250,137,-303,137,-340,81,-159,65,-217,66,-195,73,-164,37,-137,26,-174,35,-153,48,-120
2,70,0,141,-16,168,-69,137,-124,105,-168,172,-160,203,-228,225,-277,241,-314,121,-169,130,-250,131,-303,131,-340,75,-159,59,-217,60,-195,67,-164,31,-137,20,-174,29,-153,42,-120
2,104,0,175,-16,202,-69,171,-124,139,-168,206,-160,237,-228,259,-277,275,-314,155,-169,164,-250,165,-303,165,-340,109,-159,93,-217,94,-195,101,-164,65,-137,54,-174,63,-153,76,-120
2,104,0,175,-16,202,-69,171,-124,139,-168,206,-160,237,-228,259,-277,275,-314,155,-169,164,-250,165,-303,165,-340,109,-159,93,-217,94,-195,101,-164,65,-137,54,-174,63,-153,76,-120
2,99,0,170,-16,197,-69,166,-124,134,-168,201,-160,232,-228,254,-277,270,-314,150,-169,159,-250,160,-303,160,-340,104,-159,88,-217,89,-195,96,-164,60,-137,49,-174,58,-153,71,-120
2,148,0,219,-16,246,-69,215,-124,183,-168,250,-160,281,-228,303,-277,319,-314,199,-169,208,-250,209,-303,209,-340,153,-159,137,-217,138,-195,145,-164,109,-137,98,-174,107,-153,120,-120
2,-8,-8,63,-24,90,-77,59,-132,27,-176,94,-168,125,-236,147,-285,163,-322,43,-177,52,-258,53,-311,53,-348,-3,-167,-19,-225,-18,-203,-11,-172,-47,-145,-58,-182,-49,-161,-36,-128
2,8,8,79,-8,106,-61,75,-116,43,-160,110,-152,141,-220,163,-269,179,-306,59,-161,68,-242,69,-295,69,-332,13,-151,-3,-209,-2,-187,5,-156,-31,-129,-42,-166,-33,-145,-20,-112
2,28,28,99,12,126,-41,95,-96,63,-140,130,-132,161,-200,183,-249,199,-286,79,-141,88,-222,89,-275,89,-312,33,-131,17,-189,18,-167,25,-136,-11,-109,-22,-146,-13,-125,0,-92
2,-22,-22,49,-38,76,-91,45,-146,13,-190,80,-182,111,-250,133,-299,149,-336,29,-191,38,-272,39,-325,39,-362,-17,-181,-33,-239,-32,-217,-25,-186,-61,-159,-72,-196,-63,-175,-50,-142
2,22,22,93,6,120,-47,89,-102,57,-146,124,-138,155,-206,177,-255,193,-292,73,-147,82,-228,83,-281,83,-318,27,-137,11,-195,12,-173,19,-142,-17,-115,-28,-152,-19,-131,-6,-98
2,66,66,137,50,164,-3,133,-58,101,-102,168,-94,199,-162,221,-211,237,-248,117,-103,126,-184,127,-237,127,-274,71,-93,55,-151,56,-129,63,-98,27,-71,16,-108,25,-87,38,-54
2,36,36,107,20,134,-33,103,-88,71,-132,138,-124,169,-192,191,-241,207,-278,87,-133,96,-214,97,-267,97,-304,41,-123,25,-181,26,-159,33,-128,-3,-101,-14,-138,-5,-117,8,-84
2,50,50,121,34,148,-19,117,-74,85,-118,152,-110,183,-178,205,-227,221,-264,101,-119,110,-200,111,-253,111,-290,55,-109,39,-167,40,-145,47,-114,11,-87,0,-124,9,-103,22,-70
2,54,54,125,38,152,-15,121,-70,89,-114,156,-106,187,-174,209,-223,225,-260,105,-115,114,-196,115,-249,115,-286,59,-105,43,-163,44,-141,51,-110,15,-83,4,-120,13,-99,26,-66
2,78,78,149,62,176,9,145,-46,113,-90,180,-82,211,-150,233,-199,249,-236,129,-91,138,-172,139,-225,139,-262,83,-81,67,-139,68,-117,75,-86,39,-59,28,-96,37,-75,50,-42
2,21,21,92,5,119,-48,88,-103,56,-147,123,-139,154,-207,176,-256,192,-293,72,-148,81,-229,82,-282,82,-319,26,-138,10,-196,11,-174,18,-143,-18,-116,-29,-153,-20,-132,-7,-99
2,18,18,89,2,116,-51,85,-106,53,-150,120,-142,151,-210,173,-259,189,-296,69,-151,78,-232,79,-285,79,-322,23,-141,7,-199,8,-177,15,-146,-21,-119,-32,-156,-23,-135,-10,-102
2,44,44,115,28,142,-25,111,-80,79,-124,146,-116,177,-184,199,-233,215,-270,95,-125,104,-206,105,-259,105,-296,49,-115,33,-173,34,-151,41,-120,5,-93,-6,-130,3,-109,16,-76
2,41,41,112,25,139,-28,108,-83,76,-127,143,-119,174,-187,196,-236,212,-273,92,-128,101,-209,102,-262,102,-299,46,-118,30,-176,31,-154,38,-123,2,-96,-9,-133,0,-112,13,-79
2,63,63,134,47,161,-6,130,-61,98,-105,165,-97,196,-165,218,-214,234,-251,114,-106,123,-187,124,-240,124,-277,68,-96,52,-154,53,-132,60,-101,24,-74,13,-111,22,-90,35,-57
2,79,79,150,63,177,10,146,-45,114,-89,181,-81,212,-149,234,-198,250,-235,130,-90,139,-171,140,-224,140,-261,84,-80,68,-138,69,-116,76,-85,40,-58,29,-95,38,-74,51,-41
2,107,107,178,91,205,38,174,-17,142,-61,209,-53,240,-121,262,-170,278,-207,158,-62,167,-143,168,-196,168,-233,112,-52,96,-110,97,-88,104,-57,68,-30,57,-67,66,-46,79,-13
2,121,121,192,105,219,52,188,-3,156,-47,223,-39,254,-107,276,-156,292,-193,172,-48,181,-129,182,-182,182,-219,126,-38,110,-96,111,-74,118,-43,82,-16,71,-53,80,-32,93,1
2,89,89,160,73,187,20,156,-35,124,-79,191,-71,222,-139,244,-188,260,-225,140,-80,149,-161,150,-214,150,-251,94,-70,78,-128,79,-106,86,-75,50,-48,39,-85,48,-64,61,-31
2,127,127,198,111,225,58,194,3,162,-41,229,-33,260,-101,282,-150,298,-187,178,-42,187,-123,188,-176,188,-213,132,-32,116,-90,117,-68,124,-37,88,-10,77,-47,86,-26,99,7
